,ADRB1,EGFR,NTRK1,FLT3,CDK1,CDK2,level
0,0.47655800616998023,0.47655800616998023,0.47655800616998023,0.47655800616998023,0.47655800616998023,0.47655800616998023,0
1,0.5921001171082384,0.5921001171082384,0.5921001171082384,0.5921001171082384,0.5921001171082384,0.5921001171082384,0
2,0.5950534839879962,0.5950534839879962,0.5950534839879962,0.5950534839879962,0.5950534839879962,0.5950534839879962,0
3,0.6989500870979833,0.6989500870979833,0.6989500870979833,0.6989500870979833,0.6989500870979833,0.6989500870979833,0
4,0.682700537941974,0.682700537941974,0.682700537941974,0.682700537941974,0.682700537941974,0.682700537941974,0
5,0.6619453801262732,0.6619453801262732,0.6619453801262732,0.6619453801262732,0.6619453801262732,0.6619453801262732,0
6,0.7787215226029933,0.7787215226029933,0.7787215226029933,0.7787215226029933,0.7787215226029933,0.7787215226029933,0
7,0.545860663749765,0.545860663749765,0.545860663749765,0.545860663749765,0.545860663749765,0.545860663749765,0
8,0.5719748326205225,0.5719748326205225,0.5719748326205225,0.5719748326205225,0.5719748326205225,0.5719748326205225,0
9,0.6330799148931309,0.6330799148931309,0.6330799148931309,0.6330799148931309,0.6330799148931309,0.6330799148931309,0
10,0.5802896198646156,0.5802896198646156,0.5802896198646156,0.5802896198646156,0.5802896198646156,0.5802896198646156,0
11,0.7804832238816555,0.7804832238816555,0.7804832238816555,0.7804832238816555,0.7804832238816555,0.7804832238816555,0
12,0.6764775097756736,0.6764775097756736,0.6764775097756736,0.6764775097756736,0.6764775097756736,0.6764775097756736,0
13,0.722276325613355,0.722276325613355,0.722276325613355,0.722276325613355,0.722276325613355,0.722276325613355,0
14,0.7831360512338078,0.7831360512338078,0.7831360512338078,0.7831360512338078,0.7831360512338078,0.7831360512338078,0
15,0.7884516715522444,0.7884516715522444,0.7884516715522444,0.7884516715522444,0.7884516715522444,0.7884516715522444,0
16,0.7356417715925895,0.7356417715925895,0.7356417715925895,0.7356417715925895,0.7356417715925895,0.7356417715925895,0
17,0.59680801495809,0.59680801495809,0.59680801495809,0.59680801495809,0.59680801495809,0.59680801495809,0
18,0.6796749538039529,0.6796749538039529,0.6796749538039529,0.6796749538039529,0.6796749538039529,0.6796749538039529,0
19,0.804120662992916,0.804120662992916,0.804120662992916,0.804120662992916,0.804120662992916,0.804120662992916,0
20,0.8202886465132831,0.8202886465132831,0.8202886465132831,0.8202886465132831,0.8202886465132831,0.8202886465132831,0
21,0.5724711985019824,0.5724711985019824,0.5724711985019824,0.5724711985019824,0.5724711985019824,0.5724711985019824,0
22,0.6627862753460928,0.6627862753460928,0.6627862753460928,0.6627862753460928,0.6627862753460928,0.6627862753460928,0
23,0.6657225190681926,0.6657225190681926,0.6657225190681926,0.6657225190681926,0.6657225190681926,0.6657225190681926,0
24,0.6651326158202331,0.6651326158202331,0.6651326158202331,0.6651326158202331,0.6651326158202331,0.6651326158202331,0
25,0.6915717647468623,0.6915717647468623,0.6915717647468623,0.6915717647468623,0.6915717647468623,0.6915717647468623,0
26,0.7042897192145274,0.7042897192145274,0.7042897192145274,0.7042897192145274,0.7042897192145274,0.7042897192145274,0
27,0.6136046089774638,0.6136046089774638,0.6136046089774638,0.6136046089774638,0.6136046089774638,0.6136046089774638,0
28,0.7623704189239946,0.7623704189239946,0.7623704189239946,0.7623704189239946,0.7623704189239946,0.7623704189239946,0
29,0.6204573003883672,0.6204573003883672,0.6204573003883672,0.6204573003883672,0.6204573003883672,0.6204573003883672,0
30,0.5616418666531938,0.5616418666531938,0.5616418666531938,0.5616418666531938,0.5616418666531938,0.5616418666531938,0
31,0.6113173729586715,0.6113173729586715,0.6113173729586715,0.6113173729586715,0.6113173729586715,0.6113173729586715,0
32,0.7190891826363225,0.7190891826363225,0.7190891826363225,0.7190891826363225,0.7190891826363225,0.7190891826363225,0
33,0.7341309665743774,0.7341309665743774,0.7341309665743774,0.7341309665743774,0.7341309665743774,0.7341309665743774,0
34,0.5707459669042975,0.5707459669042975,0.5707459669042975,0.5707459669042975,0.5707459669042975,0.5707459669042975,0
35,0.6360740185003173,0.6360740185003173,0.6360740185003173,0.6360740185003173,0.6360740185003173,0.6360740185003173,0
36,0.6296932256346119,0.6296932256346119,0.6296932256346119,0.6296932256346119,0.6296932256346119,0.6296932256346119,0
37,0.6364119626529386,0.6364119626529386,0.6364119626529386,0.6364119626529386,0.6364119626529386,0.6364119626529386,0
38,0.6701016618744787,0.6701016618744787,0.6701016618744787,0.6701016618744787,0.6701016618744787,0.6701016618744787,0
39,0.5849079168659035,0.5849079168659035,0.5849079168659035,0.5849079168659035,0.5849079168659035,0.5849079168659035,0
40,0.5915860481657462,0.5915860481657462,0.5915860481657462,0.5915860481657462,0.5915860481657462,0.5915860481657462,0
41,0.7698488242511631,0.7698488242511631,0.7698488242511631,0.7698488242511631,0.7698488242511631,0.7698488242511631,0
42,0.7062945423511114,0.7062945423511114,0.7062945423511114,0.7062945423511114,0.7062945423511114,0.7062945423511114,0
43,0.615066997402867,0.615066997402867,0.615066997402867,0.615066997402867,0.615066997402867,0.615066997402867,0
44,0.7513307156704021,0.7513307156704021,0.7513307156704021,0.7513307156704021,0.7513307156704021,0.7513307156704021,0
45,0.7871369257813178,0.7871369257813178,0.7871369257813178,0.7871369257813178,0.7871369257813178,0.7871369257813178,0
46,0.7926800317781985,0.7926800317781985,0.7926800317781985,0.7926800317781985,0.7926800317781985,0.7926800317781985,0
47,0.8081220706443727,0.8081220706443727,0.8081220706443727,0.8081220706443727,0.8081220706443727,0.8081220706443727,0
48,0.5559809867388009,0.5559809867388009,0.5559809867388009,0.5559809867388009,0.5559809867388009,0.5559809867388009,0
49,0.6587453388179971,0.6587453388179971,0.6587453388179971,0.6587453388179971,0.6587453388179971,0.6587453388179971,0
0,0.47651165980896343,0.5185844195966894,0.4763213212429159,0.47560845705463406,0.39838970136094404,0.4724859631161353,1
1,0.6038882914012472,0.5934548885905171,0.5888896890217713,0.5920918242117431,0.3114205380278412,0.5816309572634117,1
2,0.5694101828067499,0.5861018632893895,0.5569297416989336,0.5978881329583463,0.42457806874585596,0.5867809258698039,1
3,0.6871853442125023,0.6387899154642465,0.7038202379151692,0.6988002962961627,0.4919121741224307,0.6808922002038451,1
4,0.682208997869946,0.6807491117408466,0.6003564646756759,0.6827012107154272,0.4401135451964257,0.6502394842019573,1
5,0.6604155732288765,0.6630242238762901,0.6529099070934937,0.6605170371106213,0.5363031589857928,0.6463806898932879,1
6,0.7786978730719837,0.7765446283333353,0.7782005263504423,0.7787471113482425,0.5616353463834527,0.6434276519901527,1
7,0.5421053509719532,0.5516229346341885,0.5347338294469212,0.5636157474344919,0.4704931254675963,0.600248173962622,1
8,0.5716658272584444,0.5761245140132748,0.5749369277391307,0.6118426549664392,0.36966801329397914,0.6083116152577789,1
9,0.6336562850916883,0.6324261687413374,0.6344888694739288,0.6330599136062671,0.4182089686948448,0.6188828885341504,1
10,0.557544717388624,0.5874188856395646,0.5822641135903549,0.6682247155676463,0.42556818610155506,0.6306556695254608,1
11,0.7807393261576187,0.7757464092523477,0.7840666613874917,0.7804870052351325,0.6878644415186268,0.712907616207157,1
12,0.6758726301321054,0.6776461165676876,0.6766503963031877,0.6763853525690766,0.47238022227766363,0.6653812585920459,1
13,0.7089623726255708,0.68238229048302,0.6589773518158177,0.7217127535833306,0.29342409727686813,0.5869597096625055,1
14,0.7836619144000411,0.7825978637040796,0.7577746457475756,0.7831408265008099,0.48325328470941226,0.7335130983451706,1
15,0.7864929676753908,0.771299132958245,0.7688639198690015,0.7884336665973062,0.4410321971624942,0.4822947520433946,1
16,0.7356710185670984,0.7215657483072846,0.7377817812047912,0.7356739287396321,0.6040825521570871,0.6174991494847195,1
17,0.5929824144167539,0.5968976319069211,0.6178505596857496,0.6044289563640217,0.5567943868775346,0.5516300554661662,1
18,0.691336210221117,0.6798304164941426,0.6796490734105647,0.6884300348743799,0.5673877212696568,0.6854863301889609,1
19,0.8049453322208134,0.8027993365223829,0.8039013685710152,0.804571621696403,0.5326965030832974,0.600467086251821,1
20,0.820044658977618,0.790533297709904,0.8201712502823408,0.820290399578426,0.5866810182025012,0.6257474645602287,1
21,0.5718922979042648,0.5797643921655841,0.5697071102172448,0.5724566421395312,0.3020351853320429,0.4904344813399702,1
22,0.6559866963978624,0.6616893773740519,0.5343905696613442,0.6631610777744207,0.3760422009053399,0.6263275133155536,1
23,0.6659177564732471,0.6766419979071812,0.6978282432808904,0.6660155609743315,0.44588880591952895,0.6590334688831322,1
24,0.6654010946059685,0.6636628618556544,0.6831199901117952,0.6651064130506377,0.5347222177411863,0.6418555771979997,1
25,0.7047481024653472,0.6721980793785548,0.4476848109191861,0.70053893804923,0.34296203369800776,0.5801089373113921,1
26,0.6904745895806644,0.6847851064613216,0.6533985133170565,0.7043310131353175,0.6283944459453299,0.6090433793172427,1
27,0.6145343083892313,0.61543519582722,0.6200825850886864,0.6241167544207176,0.6027497727173108,0.6094724610668243,1
28,0.7611720312149435,0.7515071393124014,0.7627078599395626,0.7623530646792065,0.3633460155425153,0.6750235199029119,1
29,0.6183376256191166,0.6207581008671845,0.6203891509652014,0.6204528446655468,0.42923489339348125,0.5081022075719526,1
30,0.561814770207339,0.5650040271218095,0.5616135409443983,0.5616616206248143,0.3925578411944074,0.5508779265281087,1
31,0.6167109929718926,0.6871287241007435,0.5854846028987497,0.6379572759605504,0.4435236698235271,0.6085648701021289,1
32,0.7295967553501,0.7033351648482113,0.6822427393723263,0.7191664290010354,0.5422108932829383,0.6244119374877425,1
33,0.7381369316785855,0.7221642513661657,0.7227482575972142,0.7364263183028955,0.7017687349949221,0.6723871576103375,1
34,0.5696012829802989,0.5870863170528939,0.6323233796822334,0.5900239819628591,0.23693817184671404,0.5670185882478281,1
35,0.6409787053917211,0.6349288572606446,0.6085669624952756,0.6361038829962655,0.34901411695795975,0.6106997288175833,1
36,0.6277648626583341,0.6279051048903298,0.6320080394487696,0.6297320392281516,0.6240219474946915,0.4279603585562527,1
37,0.638367648979259,0.6325824593766342,0.5910396883828921,0.638509029007042,0.509134495929156,0.5190488665295189,1
38,0.6699534570374317,0.6704843921183044,0.6683746692315163,0.6701217092280723,0.5441320556113841,0.6091166645921655,1
39,0.5837506012643946,0.5842229535481477,0.5848431374571713,0.5855988681838303,0.4179672439784515,0.6757738233168017,1
40,0.5821153073135266,0.5917126830764224,0.5920895914610924,0.6155271396678906,0.3455338086406154,0.5658329370678056,1
41,0.7700305314433732,0.76023491260837,0.76498299330965,0.7698528619926616,0.11687382316333633,0.4805380553816377,1
42,0.6980968106996697,0.7041449391825282,0.6357915484703769,0.7215846080257962,0.5079810102564276,0.68016788460854,1
43,0.6221923012231025,0.6154097759703612,0.6125576007359799,0.6150530920806538,0.48962090356120697,0.5621018381386071,1
44,0.7603078863627823,0.7470306350639069,0.7582808104147268,0.7513701391398031,0.5980865068353839,0.7047517023071245,1
45,0.7872040161767612,0.7848727773905818,0.7732491692605253,0.7922932938306783,0.668326989485604,0.7073752883069258,1
46,0.7930891256869808,0.7687274784563276,0.8013520599801045,0.7926914671509651,0.5375901607355928,0.626678877803095,1
47,0.8072489404241424,0.8072596221497621,0.8021052235274583,0.8081238288585618,0.7343288580044687,0.7185584001561225,1
48,0.5301436411203851,0.5623412711321275,0.6062985988634965,0.555102683225801,0.2856180747434527,0.5514698684143796,1
49,0.658699489323383,0.5993422701744426,0.5956288976368488,0.678584453542377,0.5317977673031629,0.585400380155332,1
0,0.4765059447502808,0.5349185728379034,0.4763014786654639,0.4755333814024708,0.3896312141050398,0.4661124939419188,3
1,0.6053917871987508,0.5961425777930218,0.5886504738866933,0.5920912229686316,0.2850951599743708,0.5640787633687356,3
2,0.569389238025855,0.5733157756151552,0.5524537750362876,0.5981026661026049,0.43382823114750707,0.5700149747606335,3
3,0.687168931177431,0.6245200624026721,0.7037841153585594,0.6987878700362181,0.45609558180068865,0.6412510568298158,3
4,0.6821196099747315,0.6773250367733015,0.5974339100738106,0.682701245060286,0.4297130838838854,0.6367654687384718,3
5,0.6598396900470612,0.6652258609258476,0.6519397525726289,0.6604202828359308,0.5162660697611398,0.6385473473369901,3
6,0.7786952466835954,0.7765465466017574,0.7781943765544838,0.7787488697594735,0.5373041004076835,0.6203259817847203,3
7,0.5417816041303632,0.5693142396458533,0.534685444423619,0.5652105982251178,0.45867772917688193,0.5959763298436037,3
8,0.5716292333171339,0.5883267957929983,0.5753785036859683,0.6145271335761429,0.3239442171711339,0.6107932381921026,3
9,0.6337117128745812,0.6299531325965574,0.6346795084813115,0.633058487304521,0.3830005645496811,0.607251172066469,3
10,0.5575437825633262,0.6133451952010128,0.5824128705848222,0.6731817529212775,0.4254603570242461,0.6250118925456208,3
11,0.7807617578379676,0.7663064387505785,0.784504367937626,0.7804872467301386,0.6678093033452857,0.699488078886462,3
12,0.6757903306075465,0.6791077221223368,0.6766327395252717,0.6763743568949574,0.45774675859144953,0.6421936345636388,3
13,0.7074365709434663,0.679728254623456,0.6594428808928932,0.7217141899440539,0.2615996840187106,0.5829405518801463,3
14,0.7837288090532616,0.7812929149708973,0.7565856033259524,0.783141149773546,0.4490734990582615,0.7232940104609744,3
15,0.786211200268514,0.7714933908963647,0.7687609521258549,0.7884323779286933,0.4337646289402826,0.4602489682018762,3
16,0.7356733776198882,0.7126332889451383,0.7377087956466439,0.7356762595945086,0.5962050437443858,0.6019314350990899,3
17,0.5926646055366535,0.5922701853811878,0.6189850797452157,0.6047734961241128,0.5382531849140143,0.5248314497484601,3
18,0.6922678861393962,0.679582886683768,0.6796453661111501,0.688438565831239,0.5529920742092955,0.6870502237600394,3
19,0.8050463944166295,0.7988984063425061,0.8041599180599935,0.804630595888853,0.5159200229581632,0.5844838368343711,3
20,0.8200117570865367,0.77798525082802,0.8201566525495906,0.8202905234909557,0.5664941846644524,0.615783384813151,3
21,0.5718875752725892,0.5942903666253938,0.569580896925062,0.5724555662457556,0.2717621616848099,0.4795787243942536,3
22,0.6556582322516084,0.6326372005715922,0.52763730700097,0.6631915211966746,0.34190646950336323,0.6118777735754839,3
23,0.6659669011702376,0.6921775301556583,0.69818200886559,0.6660352619321177,0.43102058989947906,0.6515985041261251,3
24,0.6654279724738195,0.6622332983861581,0.6831320485627361,0.6651045635350519,0.5107121234394735,0.6383145795167725,3
25,0.7231780335788819,0.628258890818809,0.44863458395603933,0.701116605429754,0.3085309236018766,0.5590687496493381,3
26,0.6897319787684705,0.6654433443251515,0.6533259553820899,0.7043339492725915,0.6132752896548066,0.5805446481247937,3
27,0.6146815838446645,0.6198972506704791,0.6204970901422071,0.6248479456593286,0.5971358167144931,0.5955338238298998,3
28,0.7611267643068775,0.7254867906027698,0.7627674956402312,0.7623517058271102,0.32683982313208465,0.6591632853420193,3
29,0.6181053811082494,0.6214144320251173,0.6203840199246718,0.6204525107198858,0.40821639208052163,0.4752226079423653,3
30,0.561763138000249,0.5657989987485106,0.56161129648154,0.5616629945830885,0.3774175539900993,0.5331391690514355,3
31,0.617615537980781,0.6878132443036673,0.5855473791045527,0.6397492816535368,0.43404277498202043,0.6121136141261532,3
32,0.7304728737749356,0.7019414294697612,0.6802702208513004,0.7191717967719689,0.5260572961737072,0.6107541727612283,3
33,0.7385988255772684,0.7072504772475269,0.6996798050958933,0.73657183057134,0.6983717791732245,0.6514575932480428,3
34,0.5695480314220452,0.6161168678642738,0.6367083001767901,0.5913327697707661,0.20790888222132328,0.5615826136113758,3
35,0.641434709065659,0.6325647203999413,0.6060215206037107,0.6361058698363291,0.32497178709469393,0.5930767118519973,3
36,0.6275793429497184,0.6264221757753755,0.6321043001370467,0.6297353564115907,0.6130353958200648,0.40707165351986924,3
37,0.6387054048931284,0.6248467874033744,0.5878133217978903,0.6386336374130303,0.4880601492384491,0.50208589720664,3
38,0.6699347628356995,0.6711361263429731,0.6682115369542069,0.6701230681063841,0.5213228996562587,0.5895178092511885,3
39,0.5835760715050404,0.582896470511495,0.584853961341217,0.5855986552110308,0.3972897720473537,0.6548979287847375,3
40,0.5811990422164633,0.5967204026895357,0.5920305030773351,0.6170703077050975,0.31631066157249577,0.5524995964795829,3
41,0.7700534325181928,0.7586883662073686,0.7649623376815977,0.7698531452307696,0.09191541253226077,0.45662646090722936,3
42,0.6976094575698165,0.7002672781207261,0.6255509348093969,0.7224576763847826,0.47273375335046675,0.6679849187360235,3
43,0.6222064355065594,0.625497977382767,0.6126580616441258,0.6150508218429617,0.4724409096914188,0.5354920066840103,3
44,0.76142843198458,0.7396791901695916,0.7590017093454746,0.751373062503448,0.5584133966998273,0.6929158397023173,3
45,0.7872122113965622,0.7793083829902685,0.7707153360663875,0.7926015765795227,0.6402472463571874,0.6956133357405362,3
46,0.7931309557194438,0.765998055917099,0.8018595896528747,0.7926922621161576,0.5232469546760241,0.6146395314339322,3
47,0.8071000795752713,0.8054318827988309,0.801910883000343,0.8081239459258571,0.7274982400984799,0.7000073034520166,3
48,0.5291327166478039,0.5579226759788738,0.6077241359004002,0.5550298661830978,0.25638674933621475,0.5485996705237565,3
49,0.658696027161789,0.5855699658154726,0.588518545101842,0.679711627536437,0.5251926901139432,0.5774692215661565,3
0,0.47649975351754925,0.5504426569215422,0.4762809575056509,0.4760708092350619,0.3807209544532992,0.46004503604954067,5
1,0.606501639684966,0.598346371127853,0.5884066951092284,0.5920906162467272,0.2580290066231083,0.5478251718036194,5
2,0.5693683581298409,0.5640495454017228,0.5473137926796512,0.5983204326637994,0.44298032486767663,0.5540318818859419,5
3,0.6871525087009438,0.6093067805263961,0.7036721071596957,0.6987750544253193,0.438296414595474,0.5903129807081565,5
4,0.6820290869013199,0.6735395416394114,0.5953220040397411,0.6827012773701406,0.4190460634533142,0.6261089347639242,5
5,0.6598266353370877,0.6675839373917992,0.6509607742719944,0.6603234654363834,0.4959524953255607,0.6298178170695113,5
6,0.7786924614190588,0.7761930837385765,0.7781879507916281,0.7787506366893264,0.5129337429436676,0.5908865627888863,5
7,0.5414572955634855,0.6008812711698981,0.5346368043294136,0.5669083274276732,0.44556905453363094,0.5893575866741784,5
8,0.5715907932386399,0.6015552294795444,0.5756470380046064,0.6171752517544358,0.3001985235296631,0.6107278626523408,5
9,0.633767438053539,0.625649573877626,0.6348079389437031,0.6330570521556909,0.34799280670138744,0.5952864374068044,5
10,0.5575430561426806,0.6359421000905283,0.582564125811374,0.6777267396090062,0.4225977617431403,0.6162873308941341,5
11,0.7807826104571947,0.7582419274997182,0.7849329910983683,0.7804874858502189,0.6438608532689456,0.6820915897177265,5
12,0.6757077415550224,0.6805192181895681,0.6766151507401894,0.6763628113517285,0.44273405343102007,0.6168732163538833,5
13,0.7058729213621925,0.6772108200255533,0.6598069248573709,0.7217156280229462,0.22962795316130344,0.5786708599831129,5
14,0.7838012403176743,0.7801568544787293,0.7553400913729363,0.7831414735380302,0.41610672758817857,0.7127679391200356,5
15,0.7858990936539297,0.7716470062270845,0.7686574918767781,0.7884310781044012,0.4266410630207593,0.44966784473601434,5
16,0.735675778936159,0.7044613093803856,0.737588370543478,0.735678612483956,0.5889121249210496,0.5858972755392365,5
17,0.5923465610416222,0.5869356463929083,0.6199557812318088,0.6051173313184928,0.5159682110365235,0.49950516034024667,5
18,0.6931556170201109,0.6793878737053167,0.6796411841349411,0.688447095007403,0.5380901894019251,0.6882528048704671,5
19,0.8051550196424188,0.7969100803377822,0.8044222235102253,0.8046956382717527,0.4986749566718108,0.5667896521529397,5
20,0.8199750561331631,0.6585519501581333,0.8201401548698893,0.8202906478167518,0.5430662082849188,0.6025987229093559,5
21,0.5718831733873082,0.6067144175729824,0.5694573158411013,0.5724544765792662,0.2419097108027799,0.46708439204482144,5
22,0.6553491985375355,0.5979309193494279,0.5218898771231177,0.6632227897777065,0.3063801023948671,0.5954714819016126,5
23,0.6660128131339913,0.7015443798581227,0.6984980284958093,0.666054958143886,0.41457028716922245,0.6430360323348893,5
24,0.6654558588566672,0.66099001926752,0.6831434481457211,0.6651027015082749,0.4867741031432119,0.6335446638569285,5
25,0.7260231920620412,0.5904268331353085,0.44990970329380897,0.7016917623287221,0.2743917813410422,0.5366765791179079,5
26,0.689081294798376,0.6469292093609688,0.6532521052081056,0.7043368989867814,0.596994786120332,0.5507817591629003,5
27,0.6148415816471149,0.6241279359647411,0.6209048009903368,0.6255780909866308,0.5913841456326926,0.5793488095947041,5
28,0.7610845701766316,0.700587275046824,0.7628355312282025,0.7623503252241057,0.2908275787492778,0.6485434856507383,5
29,0.6178705643602304,0.6211527114930737,0.6203787936705527,0.6204521711733391,0.38833077653530423,0.45306283322436874,5
30,0.5617085205103687,0.5673351590137358,0.5616090211007425,0.5616643753844848,0.3623879185205949,0.5167355726923507,5
31,0.618622656242766,0.6884332615791223,0.5865109219960427,0.6415561075155392,0.42619643805126173,0.6137429714188384,5
32,0.731372252738129,0.7004923470654806,0.6783012824745905,0.7191771874085559,0.5099874497144942,0.5942055273800064,5
33,0.7390861277044043,0.7070941891570447,0.6986066324422219,0.7367146693271722,0.7625789618867664,0.6293960670721024,5
34,0.5694982400430662,0.6361098428134295,0.6409542780351631,0.5926321014617022,0.17866533400602472,0.5569303094998055,5
35,0.6418876662715833,0.6300406414764987,0.6033785516455202,0.6361078553655599,0.3009937970575268,0.575966730166375,5
36,0.6273942463348458,0.6249994111810384,0.63219739046468,0.6297387883932097,0.6012026248492349,0.38627008053238976,5
37,0.639045793479029,0.6181846115866837,0.5844735756636676,0.6387550581231782,0.46639547873705667,0.4828648135143436,5
38,0.669914374801835,0.671139312847409,0.6680400262991123,0.6701244298302831,0.49759328082373805,0.5675971562475015,5
39,0.5833973877492011,0.581912283171133,0.5848656601095241,0.5855984213130163,0.3762409621377745,0.6315945099782763,5
40,0.5802715272822471,0.600700412321225,0.591968311151759,0.618582469870629,0.2860644346969564,0.5407745289487104,5
41,0.7700786480454757,0.7568579008167593,0.7649413757640299,0.7698534301838831,0.06707831515013667,0.43711415308473345,5
42,0.6973808063960749,0.6968953639449167,0.6145632777511174,0.7233119311760273,0.4359362910730885,0.6550333936801747,5
43,0.6222205413183356,0.6259364707233827,0.6127627353946786,0.6150497999453953,0.45856977595046333,0.5054658606232061,5
44,0.7625410993244339,0.7347040626462709,0.7596122845398784,0.7513760294079127,0.5325347263207125,0.6800696757767775,5
45,0.7872211090727762,0.7728154700445552,0.7677457814287039,0.7929050262886275,0.6230007463586423,0.6836552359997532,5
46,0.7931746015613488,0.7620038551309992,0.8022856554073527,0.7926930598032218,0.5087130516340397,0.6021825882464475,5
47,0.8069206171436543,0.8032922067346033,0.8017143245695938,0.8081240626118799,0.7229665775835961,0.6907685141912386,5
48,0.5282417587955524,0.5441446026157362,0.6089988366649383,0.5549549801887119,0.22842983980600104,0.5472263422745349,5
49,0.6586925679827033,0.5713753075306486,0.5807989751141549,0.6808340914200981,0.5180795804861618,0.5693673729052009,5
0,0.476458882946223,0.5779690402648576,0.4761668084030291,0.48271528720350887,0.33419778764109964,0.4548736856591044,15
1,0.6065672532218986,0.603889041226792,0.5873782637696457,0.5920874942706101,0.1118474248881735,0.541627675791105,15
2,0.5692649903213965,0.5272981679248862,0.5385903773877966,0.6001568729053046,0.40718764637087224,0.47671065907808746,15
3,0.6870702490561693,0.5540954591664516,0.7030665200446805,0.6987044336533264,0.3579930747470159,0.47819431291858777,15
4,0.6815573012548,0.6555530199852394,0.5926515281895596,0.6827014029339882,0.37432483341323664,0.5724029826788082,15
5,0.6597623470483701,0.6727658737550433,0.6473657916691624,0.659838446908251,0.38359854591458714,0.5785455401375238,15
6,0.7786755404320641,0.7627691513527842,0.7781506250854014,0.7787596015664743,0.37975883193754256,0.44525818298992087,15
7,0.5397903725727864,0.6833882463207805,0.5343884998532697,0.5739879918396524,0.35211175401590367,0.5509014053546374,15
8,0.5713642642121383,0.6444629987717181,0.5761963950230661,0.6301819028494703,0.1382828615402891,0.4956218019396461,15
9,0.6340468755545131,0.6122271236018084,0.6347645231848323,0.6330497395810754,0.23557266649836847,0.4986170628582254,15
10,0.5575427138141902,0.672032715080315,0.5833698955936656,0.6929336186097825,0.3929948399349584,0.5762800122754251,15
11,0.7808699130889252,0.7252704616562186,0.7869565906826472,0.7804886438343243,0.45307614966721504,0.544268518185499,15
12,0.6752904318447813,0.6794800609676106,0.6765303546502767,0.676295734377474,0.33026873981675314,0.4933538798022927,15
13,0.6987146020165442,0.6707624965890401,0.6592826632735198,0.7217228352181886,0.0619837641663773,0.5596874367292067,15
14,0.7842798878632319,0.7640181708459073,0.7511675839066503,0.7831430986717771,0.22110170484378255,0.663086835617605,15
15,0.7838539376813112,0.7760230350690309,0.7681323370841517,0.7884244077408987,0.3830427268782902,0.4114338166135099,15
16,0.7356885494343561,0.6967719763635694,0.7364802832499536,0.7356907304869422,0.5551380145370404,0.4771310363939568,15
17,0.5907575985063566,0.5984752715372753,0.6230130104146404,0.606826037848478,0.4336615401786906,0.403358686280873,15
18,0.6933545179082791,0.6751259052836215,0.6796109386593174,0.6884897149636187,0.46124023514554524,0.6887277728401038,15
19,0.8058513251539016,0.7300492130329556,0.8059330402809717,0.8051913497257305,0.43107776374432066,0.4632997889553529,15
20,0.8197399472068739,0.658130509498687,0.8200186611062725,0.8202912756061912,0.41586986672538434,0.5236575440080343,15
21,0.5718716564372864,0.6386046600293693,0.5690873050834743,0.572448806811932,0.09580038769085557,0.40578026679226536,15
22,0.6540458229411925,0.554848759073789,0.5088524363212122,0.6633933003191284,0.1277881407273826,0.5460942935276296,15
23,0.6661844596435851,0.7204151835702958,0.6998753255637289,0.6661533659409595,0.32108553511987065,0.5895625168130848,15
24,0.6613901136991807,0.6687421795588465,0.6831866908781798,0.6650932005293304,0.36306085606858596,0.6138002726824567,15
25,0.729677763063742,0.5434133207544269,0.4582808989522177,0.7045337210758612,0.04016454980054543,0.5461856087968845,15
26,0.6867443096192484,0.5915198857121439,0.6528589597246258,0.7043518525828573,0.489402289140945,0.4004876393482033,15
27,0.6148662705074411,0.6308383707307573,0.6228126062556507,0.6292122986161874,0.5669361200295586,0.48972862596164213,15
28,0.7609152196354642,0.6563875874082608,0.7633029841468003,0.7623430867191551,0.12531823540517814,0.6126100232986852,15
29,0.6173063801472739,0.6208053812465986,0.6203511231061528,0.6204503816713476,0.3112294197538301,0.3922975250094199,15
30,0.561379075580225,0.5741562430483135,0.5615973638251806,0.5616713785706422,0.28996132262624463,0.4815758374159481,15
31,0.6234478736074202,0.6890853083221824,0.6068083614661867,0.6509641337240492,0.390108621656434,0.6198236959568661,15
32,0.7361533313605948,0.6961850984843347,0.6684223645311902,0.7192044894409544,0.4178285688453143,0.5070221359122663,15
33,0.7443469061590929,0.6837899354519741,0.6988692477353562,0.7374043258753051,0.6855798288587651,0.5112804560417098,15
34,0.5692909295748172,0.653670419919526,0.6626390704546062,0.5989943675099554,0.04767440547759556,0.5190462403934942,15
35,0.6441117449577188,0.6106887358707757,0.5943636709801665,0.6361177596534233,0.18063784704361482,0.5030259715483287,15
36,0.6264742516612024,0.6241844553319774,0.6325538266077024,0.6297578840431275,0.5358104253354427,0.2850519137734303,15
37,0.6408013391144145,0.6103983797298874,0.5680999726351036,0.6392965459985974,0.3769512362076548,0.3779430250874566,15
38,0.6697759969884826,0.6731222239926645,0.6670315460943705,0.6701312767117558,0.4029846991097322,0.4392080913297405,15
39,0.582243065290746,0.579084076327649,0.584942334778632,0.585596871618148,0.2607303647041387,0.3391770300608682,15
40,0.5754562723629133,0.6151920487070152,0.5915958302710511,0.6257466524055106,0.1281459728496496,0.493860793503696,15
41,0.7702571135614491,0.7490757358146974,0.7648300393393361,0.7698548817663544,-0.0004903899348842318,0.3935782984617104,15
42,0.6973637599948915,0.6874571202105247,0.5517892557113775,0.7266875581745734,0.2078217921108239,0.5910762451215649,15
43,0.6222906219248787,0.627900905581868,0.6133597920856093,0.6150446400199522,0.3835983370357251,0.33768088206611074,15
44,0.7678384084261227,0.7247943173313156,0.7594943018449444,0.751391616412678,0.46129211994952296,0.5776472478669308,15
45,0.7872806675133692,0.7042888344810156,0.7411321989763975,0.7943679142973525,0.530770065175721,0.6219595637472692,15
46,0.7934250001026678,0.7571959797833795,0.803710825997027,0.7926970888332695,0.42895656238194435,0.5499954734382626,15
47,0.8058818024191295,0.7841955606341894,0.8010393766431664,0.8081246396146657,0.7127835526384623,0.663676261932057,15
48,0.5249684146228886,0.5428117843888278,0.6137980029447259,0.5545462802856621,0.0907747044906231,0.5046588967662811,15
49,0.65867529123806,0.5334615224151912,0.5358724597957503,0.6863660694900037,0.47085879291543126,0.5274384635762172,15
0,0.47648173876357114,0.5697398799341296,0.4762264415224193,0.47926465658472706,0.3576912438462299,0.4519913614522486,10
1,0.606534490140773,0.6016514397746628,0.5878286483684632,0.5920890743514027,0.186986582837479,0.538588029045399,10
2,0.5693164524109746,0.5402473410975912,0.538679994259199,0.5988769347496665,0.43156122035771805,0.5169535023557319,10
3,0.6871114101740544,0.5707350987130574,0.7032617072317158,0.6987411857389144,0.39689751372870863,0.5031999374229487,10
4,0.6817982454363347,0.6651869035131144,0.5926723536346175,0.6827013482575431,0.39647896155795326,0.5947360478062296,10
5,0.659794494461255,0.673066315589098,0.6490584237864166,0.6600811486284393,0.44067101876307385,0.6054249166027841,10
6,0.778684693100492,0.7723415807644377,0.7781704984901591,0.7787550917439793,0.43666462812107915,0.507737104248122,10
7,0.5406418419409679,0.673496964912,0.5345138766648388,0.5703079424828426,0.40666462880335125,0.5719895050628483,10
8,0.5714854814941607,0.6242700289897691,0.575958800809245,0.6236631939137396,0.21040667493209636,0.5719781768321938,10
9,0.633906968793128,0.6133197967684083,0.6347859499408802,0.6330534248194372,0.2695167872090357,0.5336942715089255,10
10,0.5575421819951564,0.6615585868475795,0.5829552276155424,0.6868022446835478,0.40746664542273164,0.5927524891868338,10
11,0.7808291605931856,0.7389201365786567,0.7859678601583997,0.7804880728943966,0.5597741403554752,0.6066122819400399,10
12,0.6754999979250549,0.6800617058174476,0.6765718282185341,0.6763318259471212,0.40431006962278965,0.5557220959989972,10
13,0.7017886761527794,0.673277410120543,0.6599846965966608,0.7217192290750747,0.14814825071622834,0.5684347188642704,10
14,0.784011967038663,0.7762433983175672,0.7524202247337285,0.7831422849098905,0.327727019091056,0.6856636182628488,10
15,0.7850266586055032,0.7733878428663848,0.768396606804282,0.7884277790123663,0.40761608182980563,0.4271336814659532,10
16,0.7356819900684199,0.6974296331967536,0.7371310265854452,0.7356845952778052,0.5716806190580718,0.5363504939357767,10
17,0.5915503786534209,0.5804461163422309,0.6218072915770025,0.6059738558459389,0.4673244595562974,0.44182814301655154,10
18,0.6933375580219377,0.6776578829132925,0.6796280544692571,0.6884684104560221,0.500126218631547,0.6899588086942013,10
19,0.8054664449317495,0.7678075208640049,0.8052408545272689,0.8048951713057217,0.4605693138091145,0.5163380105756277,10
20,0.8198633337376168,0.6583506407124412,0.8200872447615496,0.8202909604326095,0.47407553804843117,0.5640889338360323,10
21,0.5718735642506971,0.626257915727888,0.5691697860483456,0.5724516894633258,0.1682074927457208,0.4354915141958269,10
22,0.6546516905579776,0.557298638493115,0.509843418988826,0.6633048861179694,0.21555589256745694,0.5717147994851677,10
23,0.6661117535350306,0.7104184464824721,0.6992991616190095,0.6661041775331284,0.3702117676456614,0.6174778602902204,10
24,0.6655303147739573,0.6655846410086673,0.6831684221453638,0.6650979911097586,0.4263869394218112,0.6225852420680545,10
25,0.728469162780212,0.5613066286924784,0.4538701546190553,0.7031193936137967,0.19408376603571548,0.541311276065459,10
26,0.6877581479658817,0.600276420989604,0.6530610458224048,0.7043443329463202,0.5488402144183868,0.4719361752553601,10
27,0.6148636875654144,0.6295000883713926,0.6219562198244247,0.6273987194972815,0.5763959147595796,0.5346549898285559,10
28,0.7609917940374394,0.6596987932051616,0.763050527280497,0.7623467768149094,0.20092873997573,0.6321256839273983,10
29,0.6173117389310087,0.6208508458835659,0.6203652909531786,0.6204512963997985,0.34678492076793743,0.4225652607259514,10
30,0.5615569418166284,0.5709040763023425,0.5616032234942517,0.5616678567271167,0.32576441571469256,0.49861476940170807,10
31,0.6210883599065957,0.6893368798102053,0.5899711081512038,0.6462045023175147,0.4084412296069744,0.610213051998558,10
32,0.7337716057927076,0.698173875092993,0.6733870837961488,0.7191907651091917,0.4660597995158796,0.5509724785144587,10
33,0.740581165791873,0.6912994369174391,0.6987526971658476,0.7370644899142872,0.736567889636036,0.5722227092001853,10
34,0.5693868277004098,0.6497396915362981,0.6518974977979575,0.5958409039897713,0.10738434894632148,0.5374185668815833,10
35,0.6430076193714331,0.6203468060954812,0.5963279627150605,0.6361128127874757,0.24048315515809549,0.5366995254634269,10
36,0.6269332349872292,0.6250976227733589,0.6324165462322844,0.6297479089945744,0.5693396765858699,0.33481841902748,10
37,0.6398913759441814,0.6087872315747678,0.5762612003916787,0.6390419646391957,0.4207207900149501,0.42465885554055705,10
38,0.6698541957170976,0.6742633939108903,0.6675701729211654,0.6701278457999457,0.44453867362672506,0.5034933382333413,10
39,0.582849352484282,0.5799855144260195,0.5848995735887622,0.5855977334933281,0.3182902376994953,0.39428972404844836,10
40,0.5779019238665345,0.6099271850733945,0.5917967199333256,0.6222436936793775,0.20673516859931035,0.5146454413824397,10
41,0.7701546015738068,0.7509452714866398,0.7648873275702659,0.7698541502688755,0.0051626181525350045,0.4117068039194452,10
42,0.6973722337442813,0.6927656151889621,0.5829719998022109,0.7253682453121564,0.3323492541115241,0.6199016829245688,10
43,0.6222556773490336,0.6269662665321153,0.6130447385908516,0.6150472304294908,0.42058194649375985,0.42387134588509434,10
44,0.7651941161912493,0.7265745349155297,0.7603082990052707,0.7513836596798312,0.4958283985818328,0.6371968081455518,10
45,0.7872471544933936,0.7412982941224291,0.7576829037920426,0.7936505749310606,0.5774537393831256,0.6543526018915419,10
46,0.7932925248379495,0.7588762874101006,0.8031860949947656,0.792695065874945,0.47137035744502254,0.5705964366440572,10
47,0.8064207008833061,0.7958033345682034,0.8012010913132551,0.8081243525293728,0.7181958247516718,0.670480005938271,10
48,0.52640552270936,0.5397021819245376,0.6116704225839262,0.5547581283515032,0.15934562427019042,0.5368427191683336,10
49,0.658683928298783,0.538983390485317,0.5581702378941578,0.6836176231183723,0.4948714954681049,0.54923530508599,10
0,0.47638678282842495,0.5959799221112583,0.47602360816667005,0.4896804290806003,0.29056034072481407,0.4787427968636077,25
1,0.6066324953198714,0.6098456065653299,0.5864776838189342,0.5920842059139299,-0.00043643609420139105,0.518793399802922,25
2,0.5691635123815556,0.5238979693510603,0.5384252975720875,0.6033301870233878,0.28038145309963286,0.39927245143712214,25
3,0.6869877277173979,0.5459979751233005,0.7019350909857933,0.6986206494815137,0.3258747345703452,0.43813831802579517,25
4,0.681042701144831,0.621934716086409,0.5926190260142394,0.6827014512393429,0.3255190852126775,0.5452357979575171,25
5,0.65969821118025,0.662573829834771,0.6439676082548104,0.6593519169358771,0.2659004682348357,0.5126828906317675,25
6,0.7788237968630294,0.7376288228686793,0.7781002024613429,0.7787687900150974,0.26585759974572726,0.2668265813798101,25
7,0.5397747686052332,0.6870705821437041,0.5341254188433594,0.5844525524506484,0.22314170481837037,0.5004025578104162,25
8,0.5649162413062266,0.6639824915021468,0.5765423303758652,0.6428832507991417,0.0512241373640053,0.3509206803370729,25
9,0.6342828472545488,0.6206305253038199,0.6347242787673071,0.6330421870389972,0.17449013357773563,0.4847216774407451,25
10,0.5575483256206205,0.6710435965719019,0.5843096642333923,0.6977477640179317,0.3545474359338065,0.5283652014381149,25
11,0.780937583892355,0.6998735395550295,0.7888663990864415,0.7804897333294728,0.3001083445670576,0.4663168279063414,25
12,0.6750587906188986,0.6787881744653335,0.6764606631987894,0.6761974541583977,0.18034879273336663,0.3794835707444901,25
13,0.6986261838988002,0.6672698158472384,0.6566469570150164,0.7217300341484094,-0.0011135369520535801,0.5394013310493523,25
14,0.7848788901018499,0.7114263383579325,0.7503800129121296,0.7831447308630901,0.07702713692477157,0.6414483458309688,25
15,0.7822680621838574,0.7803128720126034,0.7675968787865062,0.7884174411458866,0.3289526319726097,0.41547382301162467,25
16,0.7362075998821129,0.6960574357386698,0.7340946438850351,0.7357035094910718,0.5152976884547225,0.349696770507066,25
17,0.5898824362274756,0.621198820595324,0.6265275462493486,0.6084986081593425,0.37907905463270863,0.40988139654235517,25
18,0.6933879515419322,0.6500233132488955,0.6795776013639302,0.6885322957918129,0.3795644472591308,0.6740051838189428,25
19,0.8061034074233495,0.6730206527668101,0.8058868756797455,0.8058875195080866,0.3742094973309712,0.3681980567648215,25
20,0.8194755582967926,0.6601010321099003,0.819577681930367,0.8202919134975052,0.31445415374714164,0.43604577893462454,25
21,0.5718706268268781,0.6459794011929395,0.5693416790627605,0.5724427224347648,-0.0002755358169633603,0.346456080005108,25
22,0.6530485319530246,0.5578534084016036,0.5086166299992543,0.6635939290452387,-6.944942407069336e-05,0.49286628698660817,25
23,0.6662364040720877,0.7108224718278272,0.7010830000529166,0.6662516453189505,0.46100434220189057,0.5339148641432377,25
24,0.6580459019401464,0.6722659148204557,0.6831879182979278,0.6650833733014185,0.21376455155848237,0.5861877052788086,25
25,0.7317955129555267,0.5091793985317156,0.4663368742326318,0.7073284971618335,-0.00031430968448049987,0.5486622401180662,25
26,0.685289740153273,0.5787052786256116,0.6524089493909777,0.7043671499132184,0.3533493621426189,0.26587305965861474,25
27,0.6148713485156093,0.6284611819298266,0.6237668225911597,0.6328207053431364,0.5504131232993625,0.4117248069684757,25
28,0.7607955641949679,0.6500164922427227,0.7638523356967198,0.762335264746602,0.010849311878902387,0.5226424343657338,25
29,0.6172956345549205,0.6195707567264489,0.6203205531708401,0.620448415081067,0.24000136953331086,0.31768771311953664,25
30,0.5609378551368887,0.5809567583117825,0.5615836222932158,0.5616785340981042,0.2307992368885704,0.44216397083679354,25
31,0.6278804551339753,0.6867581996788183,0.62684282897785,0.6599608336030454,0.3686641675545535,0.6180637058833948,25
32,0.7403878542150746,0.6912578121801985,0.6581346302484833,0.7192323882420883,0.327900013932459,0.4154606117924389,25
33,0.7492303141007345,0.709290248094134,0.6990167107259821,0.7380631059319246,0.5706740466332435,0.4047173386933167,25
34,0.5691342568858845,0.6523692528687679,0.6783744330981941,0.605006764990121,-0.0006583751627453011,0.4801479007432181,25
35,0.6455061253203294,0.5967205378351738,0.5945231836489187,0.6361276133101397,0.05638775934008955,0.43966532479932985,25
36,0.6255626056425062,0.6285355538872396,0.632275884655121,0.6297808943554677,0.6646048674088876,0.2027770966117744,25
37,0.6428120930241449,0.6170262472552478,0.5516624075136414,0.6396335313075802,0.2967115237589525,0.29179945662304324,25
38,0.6695124369812727,0.6640477802969429,0.665679111643739,0.670138172794785,0.3189302750665693,0.3288645942006797,25
39,0.5809173354454348,0.576923588616155,0.7988516295622677,0.5855944350171403,0.14636274913417072,0.2920452497986077,25
40,0.5746034311789224,0.6089152206677289,0.5910748498296283,0.6334419855318131,0.006164231173741924,0.45722152737905547,25
41,0.7704931181522995,0.7498786706151266,0.7647082651274496,0.7698563813272145,-0.001518843654203823,0.32669968628299334,25
42,0.6973471451338785,0.6812632487906135,0.5467199612492476,0.7268096156199643,-0.00017905485999608904,0.556209774761087,25
43,0.6223598944588445,0.631020886839998,0.6141318299337003,0.6150393980053108,0.30513078498834445,0.18925314636734755,25
44,0.7739860013662061,0.7185585670334115,0.7571779843293857,0.7514086721634474,0.41069312498697363,0.4570124920176422,25
45,0.7873928329367469,0.6586205963600924,0.6491740802328132,0.7958885496297528,0.41378837737918184,0.5860801526996791,25
46,0.7937470877048382,0.7578955416224692,0.8036932622846263,0.7927011847146883,0.3320336291984668,0.48094003602474683,25
47,0.8046686396577883,0.7534557798765198,0.8009451443211107,0.8081252036702582,0.6870436923367075,0.6395753105487771,25
48,0.5228472374333129,0.5509186779966911,0.617012794561228,0.5540703806637427,-0.0004806237087094941,0.41690651946847296,25
49,0.6586579780573492,0.5243806266625408,0.5041560470955792,0.6917225478149528,0.4138314623568043,0.47962589968783015,25
0,0.4762399949744875,0.6279363044923688,0.47568651184788785,0.7942596597841908,0.21363529662635666,0.4999642105101163,40
1,0.6067296345104121,0.6290814978631293,0.585289951650818,0.5920788864531957,-0.0028423547775899695,0.4356104720064645,40
2,0.5690154144251303,0.5191540279440042,0.5382320603382479,0.6083067731378725,0.14079572778936203,0.2970207191111544,40
3,0.6868636210470896,0.5423878886179851,0.6972379596549664,0.6984607825915935,0.25468573126013694,0.38684931019360197,40
4,0.6801784438139148,0.6043458990939631,0.5924204775522942,0.682701308657963,0.24019351132595082,0.4721046115247019,40
5,0.6596021586968878,0.6550348133408938,0.6404569184518779,0.6586195181098857,0.087442131714739,0.40527751775727744,40
6,0.7787494261362307,0.7277325910552196,0.7779700686223295,0.778783009859537,0.05856944397131737,0.020448321024799883,40
7,0.5397516509240319,0.686023450476417,0.5336918116939741,0.603252938375235,0.0780155329326511,0.4215684749977064,40
8,0.5630414670550477,0.6573978741688579,0.5761628040768741,0.6656233454736119,-0.00031378037838696195,0.22278272850243255,40
9,0.6342900449900677,0.647510189856642,0.6346787011766781,0.6330303661134081,0.043088243982455955,0.47071505176499945,40
10,0.5575695062616266,0.6651897437221352,0.5858822245356948,0.697654483370216,0.2690914911924163,0.4443772523622605,40
11,0.7810117631035051,0.6937697939769315,0.7915361359554223,0.7804912187012443,0.14266048968835424,0.39183828378849483,40
12,0.674405621738683,0.6775699758646018,0.676348762985242,0.6759582757876689,0.025674062364962356,0.2184283190023714,40
13,0.6984924177803415,0.6650509462141425,0.6515957533080323,0.7217407891150449,-0.0037502299694536466,0.48969469488262884,40
14,0.7860233030148365,0.6383901790780777,0.7500288267683215,0.783147177846147,-0.002038337569736252,0.4809522449733877,40
15,0.7822229996672375,0.781892649354414,0.7668232064396009,0.7884063998290625,0.2384675295592696,0.37350480576919626,40
16,0.7362155745456409,0.6954973533455485,0.7285895444925683,0.7357242043614335,0.41636161969667446,0.17421957721967332,40
17,0.5898573495259805,0.6306324517568846,0.631071350395714,0.6108252488409518,0.3083209214099555,0.4258512484497739,40
18,0.6934367570650645,0.5979899587413618,0.6795432238544432,0.6885961014984298,0.30745673680563174,0.6412475745486166,40
19,0.8061358979265075,0.5889110795938587,0.8042046231783718,0.806569191038634,0.21759448843841103,0.19737858051617457,40
20,0.8190214013073256,0.6574900488948633,0.8186409914135193,0.8202928885528747,0.13756976908918767,0.3069555967039597,40
21,0.5718689435446315,0.6472597301305838,0.5702491752023007,0.5724326414338665,-0.0018248477802619207,0.2547302573765615,40
22,0.6519496622458614,0.5620585734531038,0.5082017449996693,0.6639898210104137,-0.0020585672460186185,0.39835560032506134,40
23,0.6656645016078717,0.700733869800614,0.7021462587404346,0.6663987990519065,0.3159735918496644,0.5045548931287586,40
24,0.659263699386151,0.6726718481166659,0.6832403008288271,0.6650679980771598,0.06887937080629376,0.5205929624651996,40
25,0.7312008420297289,0.5080089855248612,0.47339692712216963,0.7114505553147101,-0.0012248025418662026,0.5890016118868694,40
26,0.683907395618654,0.5635074631097229,0.6516489419817442,0.7043907359504731,0.12768537163907623,0.06546653012776918,40
27,0.614878714565216,0.629496925828742,0.6238656828594539,0.6383138085893959,0.5133036144872822,0.3272672314585294,40
28,0.7606679751480496,0.6494732053605416,0.7645852536116257,0.7623223633435324,-0.0017513646957642954,0.3730960828938339,40
29,0.6172794387156436,0.618963072752835,0.6202683715205922,0.6204450372911812,0.13196327171565392,0.1991661351673456,40
30,0.5602688327712012,0.5806560667632011,0.5615366637573345,0.5616894891789511,0.12832094885956963,0.3841916199869744,40
31,0.6288094513630658,0.6833806051423119,0.6225655229581893,0.6707336614167756,0.33120185554542564,0.5373541807085807,40
32,0.7480956345879255,0.686549932519048,0.6422824465764712,0.7192754070106174,0.18853894156067638,0.30904288777285194,40
33,0.7560782956819823,0.7027046691968246,0.6991678114556951,0.7390566044443015,0.485865049962407,0.29067740366723926,40
34,0.5689599461991113,0.6777324653590979,0.6900440921941642,0.6153323113529185,-0.002017049703844579,0.39477544710015317,40
35,0.6455356108069799,0.6008644308280747,0.5949961847628145,0.6361422513116887,-0.001182271635862981,0.34674518784385694,40
36,0.6244773452201351,0.6462338268363265,0.6312595334558803,0.6298273170632813,0.49147200286597686,0.10373230991216296,40
37,0.6429451660137327,0.6206853519124017,0.5244474504711069,0.6400348088388109,0.17338430177373731,0.1718036118139135,40
38,0.6687212538164284,0.660206317843205,0.6625149880397645,0.6701485468590864,0.19082442295901944,0.19838633436830683,40
39,0.5786451053828592,0.571136499128849,0.7991114899879095,0.5855875874445993,-0.0002573829591347485,0.15394409462036976,40
40,0.5745311855940808,0.5996428313393497,0.5903086075775141,0.6442241612287875,-0.001659526579040959,0.41691675666248706,40
41,0.7708478772369747,0.7523611103288941,0.7645165974266317,0.7698587330433796,-0.0030722406499533845,0.17907639844520062,40
42,0.697323171169462,0.680445594726971,0.5499055994905011,0.7271688580041822,-0.0027424832163402036,0.4051982971801262,40
43,0.6224620742866578,0.6351654878401166,0.6157443406237348,0.6150313911082095,0.1793388740403601,0.018297730585729692,40
44,0.7741008169323267,0.6988873085845657,0.7549519744293305,0.7514379468324344,0.33534363762930847,0.32044127821011226,40
45,0.7877940388311345,0.6055854792353447,0.5337976574669993,0.7980654273555453,0.17685453412547994,0.5296215513140156,40
46,0.794468543874411,0.757620805847777,0.8032273071987298,0.7927074484590438,0.19719762773287955,0.3731975746203798,40
47,0.804251622306194,0.7173112246672475,0.8008169296048239,0.8081260178129753,0.5533249496581577,0.5206576746805526,40
48,0.5207531621013166,0.5608156991416432,0.6203799173631005,0.5533702769549116,-0.002597525493561068,0.2719114598943608,40
49,0.6586317261699957,0.5427954048890075,0.5024081497250572,0.6991078111305622,0.3164635131695579,0.36343374535125805,40
0,0.4761764283234854,0.6403330107342271,0.4753841724896425,0.7941571177473788,0.13075341120417394,0.5051637370250743,50
1,0.6067949983523229,0.6530628142081443,0.5846285972083468,0.5920750109904952,-0.004453510766407102,0.37139784125563263,50
2,0.5689198910436065,0.5158765624951986,0.5381197771289008,0.6115586744890676,0.08297505946167025,0.2280935019338289,50
3,0.6867809416169209,0.5401971811333632,0.6927640387900557,0.6983214833035071,0.19375612608659745,0.3657306868294704,50
4,0.6800832648849576,0.6050258608824828,0.592180464670117,0.6827010012687229,0.17521027438797562,0.41372998746474837,50
5,0.6595381164005165,0.6513029548094271,0.6380949251027738,0.6581301099863364,-0.0003813779995545095,0.33151509222333003,50
6,0.7786406529216134,0.7260259721196,0.7778660378686829,0.7787927905334738,-0.00122532350164827,-0.0006298756334120152,50
7,0.53973624272043,0.6858769453697047,0.5333971590703641,0.6164140411185324,-0.00020372494439422245,0.36045698269248067,50
8,0.5627031968723134,0.6573718128716058,0.5755578309008078,0.6659818891209359,-0.0008557402193465903,0.1587261468676869,50
9,0.6342951497978475,0.6554092903810441,0.6346543736756798,0.6330221217582128,-0.0005046944912698768,0.4587932285428087,50
10,0.5575934167440975,0.6645058168614502,0.586892688785439,0.6976244601956573,0.20738335590336318,0.377266435153886,50
11,0.7810497652068027,0.6930608554647957,0.7931299741850324,0.7804920923513226,0.07551882381604912,0.35160997262513527,50
12,0.6742730776631097,0.6779185689784004,0.6762606028610685,0.675930686998921,-0.0007000074091448712,0.11460624921518231,50
13,0.6984023886554874,0.6647684473206454,0.651237677067421,0.7217477714313764,-0.005521966065033082,0.4450320436094187,50
14,0.7867641214997498,0.641826045780431,0.749947164882838,0.7831487941581643,-0.0033234578767793706,0.3542933452573956,50
15,0.7821928027321962,0.7868267255928512,0.766295302886012,0.7883986161549399,0.17679050873237964,0.32362577943062465,50
16,0.7362206758775847,0.6989668159012894,0.7251657228095453,0.735739300338138,0.3269773237419114,0.05875213040042599,50
17,0.5827401501493322,0.6303094467005886,0.6328627343036797,0.6123356421826113,0.2352626502053217,0.4299275097763356,50
18,0.6934682801664717,0.6036782924183575,0.6795528448766553,0.688638603708175,0.2195684184066472,0.6173976002646246,50
19,0.8061389707574,0.5875112513713033,0.8030762821160509,0.8065758958939653,0.13947789004904243,0.026214504840354765,50
20,0.8188935322218199,0.6543547879373585,0.8184608158882954,0.8202935491840205,0.0048076280109937254,0.2267163016674539,50
21,0.5718677136796166,0.6484353840518423,0.5712240685402536,0.572425118753393,-0.0028312594695287774,0.19334919928999153,50
22,0.6514045885348274,0.5652775350757645,0.5079125202960107,0.6644059589661444,-0.0033452664186970254,0.32637476263145904,50
23,0.6647897202811341,0.7000229207207607,0.7021527027883125,0.6664967021316835,0.21375277248803431,0.4550308478910817,50
24,0.6602090170950504,0.6740925866402616,0.6835454016166596,0.6650573125144645,-0.0001503886349434222,0.483977193937463,50
25,0.7311208848217711,0.50972729864613,0.47681889405860506,0.7141400048579342,-0.0020469292344796348,0.5872513917948105,50
26,0.683280889064095,0.5518142390473162,0.65119838155009,0.7044068727760934,-0.00032571456073819037,-0.0005861500724597977,50
27,0.6148834293645923,0.6438620419699744,0.6238410403136577,0.6423648171154076,0.4722410476393639,0.2664217109826911,50
28,0.7606038515178025,0.6492227573567586,0.7645115806950509,0.7623129378413923,-0.0029945241579704923,0.31034802315310916,50
29,0.6172685831120135,0.6190011297021739,0.620228456629302,0.620442407751021,0.06495706406823364,0.11743887734725662,50
30,0.5598404918677689,0.59409100882906,0.5614623683271092,0.5616968664251201,0.04158309965167288,0.3467938484878014,50
31,0.628846552459543,0.6910334487832399,0.6194110204344095,0.6759954049454863,0.29897377323035706,0.47917900213585546,50
32,0.752621595184008,0.6838182364421377,0.6332426101218419,0.7193048678632417,0.08918559522241078,0.22305563253228614,50
33,0.7584684516110043,0.7006369387619776,0.6993049961411723,0.7397165356050247,0.39434614751572883,0.1918689023705626,50
34,0.5698315488154088,0.6776345924124878,0.6946958113392231,0.6224633657917453,-0.0030182185034004637,0.3314625301637393,50
35,0.6455552080336963,0.601342247459078,0.5948831818704583,0.636151868536382,-0.002355245116765121,0.3079327185663695,50
36,0.6244662756114537,0.6520560017914522,0.6302349264038781,0.629870939183511,0.41162564515506844,0.036311238961153645,50
37,0.6429012166836637,0.6235638626206871,0.5119739252577188,0.6406862828352693,0.08953741906858013,0.08025758026742846,50
38,0.668268830059725,0.6625887724222488,0.6589345486647039,0.6701554185244254,0.10248738853430385,0.11638116800989838,50
39,0.5779588955453667,0.5670182126565521,0.7992436143931728,0.5855779831882414,-0.0014066610514931767,0.0653365055205487,50
40,0.5744831764103379,0.6016996140584356,0.5899388834415172,0.6486069010076844,-0.0028054960417721953,0.3939250596320317,50
41,0.7709099181314787,0.7351768862504388,0.764397672635398,0.7698603804546358,-0.004101219230549779,0.07827227364839598,50
42,0.6973079219759878,0.683496109076267,0.5513144297946505,0.7276177780444928,-0.003983236986157361,0.29220262772494,50
43,0.6225288718483598,0.6374379327277133,0.6171326556541223,0.6150259702358257,0.09484293032332465,-0.0008831369054656282,50
44,0.7741628315685412,0.7177002986694081,0.754599291698604,0.751460872870968,0.27662098930692064,0.22781164930073994,50
45,0.7879616975409751,0.6071338625538444,0.5319384391355889,0.799381517227344,0.07012278973588496,0.4926011299080913,50
46,0.7951535125202177,0.7501270563740212,0.8032454726992458,0.7927116971340765,0.13662086488472303,0.29733504538915617,50
47,0.8042403854751521,0.7156812384383487,0.800743222967709,0.8081265299797998,0.4719035118427113,0.4423719573882317,50
48,0.5197761216121947,0.5647329112619257,0.622096499013918,0.5531825424994792,-0.004022508355674579,0.1670727105402065,50
49,0.6586138812954706,0.5579992712781139,0.5014819000322057,0.7025702730508868,0.2531477067974969,0.2892300097907443,50
0,0.47617564687366,0.6498698378791737,0.4750958631670655,0.794041782437078,0.04058763024611477,0.5059961231543223,60
1,0.606859848820064,0.6732196595525365,0.5839390917460603,0.5920707881322568,-0.006011884749377328,0.30582440727052707,60
2,0.568827380119461,0.512790949751779,0.537994464271513,0.6147346633577102,0.0006760153630576217,0.15753704672511723,60
3,0.6866979097279006,0.5376393666144369,0.6879036528301106,0.6981428763285431,0.13053916548737757,0.3641509697144111,60
4,0.6800781453402128,0.6296177604269472,0.5921773044144798,0.682700440323148,0.10113550977547534,0.35354263639296984,60
5,0.6594740683818751,0.6477731116847864,0.6357264862435238,0.6576400447657744,-0.0016855222198120443,0.2568271999799922,60
6,0.7784950050393578,0.7269838372432841,0.7777777232925803,0.778802818045794,-0.0033001507458855464,-0.0014289558538500531,60
7,0.5397208379297059,0.6858572778774619,0.5331440281964247,0.6289451562103633,-0.0012087003699995783,0.29394428243518483,60
8,0.5622220074688328,0.6574011442279382,0.5749526946609259,0.6661151143025081,-0.0014470427973526446,0.10849625691853065,60
9,0.6376574226495852,0.6576896739470852,0.6346299104402023,0.6330135486017429,-0.001090842814509892,0.4498978142895704,60
10,0.5576263893229043,0.6640650731227988,0.5876033623170938,0.6975939794238679,0.1515054633161136,0.30690493084407544,60
11,0.7810787539086751,0.7007890743413614,0.7946024971453872,0.7804928542584006,0.006067069516917445,0.31594463908373155,60
12,0.6742699948515365,0.67834906266797,0.6761250414656973,0.675939553291754,-0.0016194621323999735,0.011791264397877156,60
13,0.6983115891547538,0.664755529749891,0.6508774786198053,0.7217540138275301,-0.007297888339027379,0.39862551463259016,60
14,0.7869164339807434,0.6444680086562833,0.7498442624831805,0.7831503792062843,-0.004625845929342106,0.297487435789043,60
15,0.7821624787171813,0.7902392495292534,0.7657548614672374,0.7883894106805858,0.1297162419734217,0.2743962681845129,60
16,0.7362256166850927,0.7243003352968358,0.7253147639379769,0.7357557848032849,0.22945469529083215,-0.0005187263622678091,60
17,0.5827023932629303,0.6296639662295734,0.6331590433657008,0.6138318824192268,0.14832555892162408,0.4303799491437476,60
18,0.6934988770061905,0.6121128682512481,0.679563725647416,0.6886810882098829,0.1435398205624771,0.5934248356419781,60
19,0.8061391346732046,0.5869518463218951,0.8028688196849573,0.8065821592956262,0.08918264241672931,-0.001115871335697792,60
20,0.8188905133983128,0.651592794023679,0.8183245811200139,0.8202942171232468,-0.0010114025066533824,0.14876055960322132,60
21,0.5711126933495206,0.649390662491123,0.5722872410335021,0.5724167569182731,-0.0038962041410454612,0.13220552545738715,60
22,0.650972067581886,0.5669931366430905,0.5076439784915222,0.6651039301130187,-0.004633266761498438,0.25226591406967264,60
23,0.6644892026487738,0.6995866171473328,0.7023113786997421,0.6665944204381028,0.10381833430679062,0.4029599466691371,60
24,0.6612641266475753,0.675235727876887,0.684424767974909,0.6650462748201265,-0.0009620732700591726,0.4477902610105487,60
25,0.7310934093558734,0.5122324288836327,0.4792953897035974,0.717858501426437,-0.0028964630763271097,0.5844513693269472,60
26,0.6827975546166142,0.5642986847918614,0.6508535428216777,0.7044233273696942,-0.0014050009241255057,-0.0017112322212241996,60
27,0.614887959947502,0.6441140099764182,0.623831127564083,0.6466605519578419,0.411766284023347,0.2023574004198618,60
28,0.7572740459977275,0.6463981771675466,0.7643617107933175,0.7623028155151581,-0.004224036730335633,0.26024155705920204,60
29,0.6172576738838164,0.6264939948788526,0.6201837184850613,0.6204393652393486,-6.133684026338495e-05,0.03540556770868539,60
30,0.5594273699675983,0.6375715886865063,0.5613784493885327,0.5617042014506618,-0.0006380064179694504,0.30712006102714634,60
31,0.6288835343305653,0.6963298776497175,0.6160166648621853,0.6804211481023081,0.2698386787429167,0.42121424476889285,60
32,0.755611836717638,0.6803815229709541,0.6326568890014115,0.7193348572949999,0.02244106514975651,0.12660393327137764,60
33,0.7585061743335877,0.6983264628808454,0.6996931826774813,0.7403777002214834,0.2880412000180385,0.08372880914885628,60
34,0.5697594637330626,0.6775704351027814,0.6984053430684276,0.6297753751254943,-0.004053492564526443,0.26595914543429905,60
35,0.6455747515860121,0.6021902767783097,0.5947702235016967,0.6361613152797262,-0.003539376172731532,0.2576337784723891,60
36,0.6244550191310708,0.6532256497909784,0.6291485884714142,0.6299275448724828,0.3304830982021328,-0.0003268794871449076,60
37,0.6428825243403518,0.6359574342038419,0.49982020640733166,0.6413111502960094,0.00456435678150747,-0.000163107531524813,60
38,0.6682688893948792,0.6626913048945207,0.6526705608938937,0.6701621734171929,0.022587441109452794,0.04153685080492137,60
39,0.5779418722632548,0.5773936918125417,0.7993617351416848,0.5855561382598387,-0.002525718974771643,-0.00022191614961729932,60
40,0.5744353132640765,0.6043709039105929,0.5898239437594717,0.6509891033672054,-0.003942123122259853,0.3687561512320619,60
41,0.7717445081518817,0.6845706321701377,0.7642635416146524,0.7698621045679893,-0.005141112087882213,-0.00016992030270523542,60
42,0.6972933560303,0.6946525589510135,0.5514006383858349,0.7280154339535206,-0.0050809008921934296,0.18481690914769391,60
43,0.6225944494138509,0.64074807898838,0.6189685883233749,0.6150204963809827,0.012719827932667852,-0.0019666348408100757,60
44,0.7742246987921797,0.7247096578821921,0.7542399656652553,0.75148775253495,0.22715796653129736,0.13384864199326035,60
45,0.7879641271207292,0.6052146446407836,0.5308034339350308,0.8005926277799044,-0.0003753432745614798,0.4550290296198323,60
46,0.7957978516701534,0.7478170203055426,0.803240284329296,0.7927159939643307,0.0759035418806792,0.22168651576587114,60
47,0.804229177737105,0.710590381836316,0.8006687512025382,0.8081270090328914,0.42383912452217815,0.3691488180348283,60
48,0.5190102884538366,0.5558304028764315,0.6235059535710925,0.5529495025522517,-0.00545193153289895,0.06304473103942147,60
49,0.6585956272436755,0.5683449596415198,0.5012566679343441,0.7026478520188081,0.18787181036240055,0.2201882776156216,60
0,0.4761744855835697,0.6540102390756698,0.474518065718729,0.7938372377151757,-0.0008617389559997896,0.5053245568115586,75
1,0.6069560351416603,0.6818185103048233,0.5828944770436535,0.5920635440738639,-0.008242810838193747,0.20627892582344232,75
2,0.5912018958029651,0.5095223994358947,0.5378094484193503,0.6193491299080529,-0.0007919027856930208,0.06262435063416814,75
3,0.6844469995449793,0.5390118106584216,0.6856890961057788,0.697753382983776,0.024141552422351796,0.3617911810263504,75
4,0.6800704603089266,0.7119425410013615,0.5921701610258132,0.6826988600335425,-0.00014106443629653762,0.2614141179808193,75
5,0.6593779897129228,0.6494825555649704,0.6321473020727907,0.6569039696649748,-0.003730877567007039,0.14239534525724035,75
6,0.7783110846140249,0.7265501766996217,0.7777615374626803,0.7788183437450651,-0.0052325983903268964,-0.002474456966311048,75
7,0.5396854648714878,0.6855534206635847,0.5327898868937598,0.643228676033071,-0.0027627569765418408,0.19685012661485077,75
8,0.5611927785243824,0.6674674447793744,0.5740450201962177,0.6663137192883175,0.013842328688675107,0.054000684150077576,75
9,0.6397125645789385,0.6591726761203406,0.6345548276702605,0.6329999678139296,-0.002012877118701282,0.3559371614445493,75
10,0.6177716131213505,0.6637472591514563,0.588537057550019,0.697547240301817,0.09142975128135686,0.20019410856054554,75
11,0.7811077697730473,0.7069924179401792,0.7950764523694485,0.7804937370884447,-0.0010308269030702279,0.2675627326073815,75
12,0.6742653700415,0.6791043851207937,0.6759408106639896,0.6759535600138268,-0.003141431927480077,-0.0012155854753860545,75
13,0.6981737407282606,0.6771811859334356,0.6503248325980723,0.7217604066212953,-0.009961122847669042,0.32402329466605223,75
14,0.786925533854529,0.6453568127512526,0.7496868362507175,0.7831526400894124,-0.006580133348173014,0.22498073862918896,75
15,0.7810341597577836,0.787158226200132,0.7648608220745033,0.7883743370318412,0.031202111330930593,0.1971286224747893,75
16,0.7362327465307231,0.7264671357350292,0.7254489460493486,0.7357842762311992,0.08161815200864114,-0.0021104089582427415,75
17,0.5826458481175105,0.628176450115109,0.6334623139902478,0.6160449509642953,0.018692901662073037,0.42247059362005734,75
18,0.6872693646762139,0.6187723794735919,0.6795714638457199,0.688744813250605,0.03173527069842191,0.5555345236618767,75
19,0.8056828871255515,0.600475216401366,0.802635262845063,0.8065898159589828,0.014883301429129183,-0.0030205855046462103,75
20,0.8188859717203583,0.6655167820789741,0.8181000577221498,0.8202952262781416,-0.00213439871542445,0.03363213949239948,75
21,0.5711104856705788,0.650797833934516,0.5724342393784106,0.5724020417788225,-0.0056384331089254286,0.04107348215227675,75
22,0.6713693285871333,0.5706289466759554,0.5073289811454595,0.6665237995863746,-0.006561662491388688,0.13610939530741661,75
23,0.6643806727795559,0.6991998854082214,0.702985342777069,0.6667405741424749,-0.0005529199698429451,0.3251736423236662,75
24,0.6629765218030159,0.6761630664474414,0.685917319799599,0.6650290636974593,-0.0021780427755597135,0.39424739961401317,75
25,0.7310525776463281,0.514665167278051,0.4814323840260308,0.7308936690066091,-0.004092377974030797,0.5720889410811275,75
26,0.6856548939439192,0.5696905528130777,0.6504490026341534,0.704448520377251,-0.0026575065113577634,-0.0034167385372034027,75
27,0.6128911660731727,0.6612054744195689,0.6238248520083834,0.652557496523038,0.3291162112494421,0.10325839715994786,75
28,0.7572227971489496,0.6387103919003283,0.7641327986393113,0.7622862754908235,-0.005997281890792936,0.19136250322000656,75
29,0.6170391694191817,0.6308512850485781,0.62010535992816,0.6204336796650172,-0.000842973393265439,-0.00020082832390643415,75
30,0.5588364593825598,0.6550639810216556,0.5613048681186417,0.561714770588245,-0.0022897469602434035,0.24253132390047893,75
31,0.6289387502598514,0.6995517803921565,0.6110844371627737,0.6858537636625078,0.22849698177162606,0.3337304063531182,75
32,0.755654079753316,0.669865548546106,0.6318090888287692,0.7193808970408374,-0.000685567397308276,-0.0002116558302394289,75
33,0.7585626884746587,0.6973515695806332,0.7001098591511571,0.741452161309046,0.17584837264710898,-0.0024939022700391127,75
34,0.5696720790481808,0.6775071972107083,0.701917217899148,0.6373724451013493,-0.005685369262810741,0.16874494684248245,75
35,0.6456039527410404,0.6039269466606508,0.594600917225466,0.6361749870668095,-0.005307130431527443,0.17425616208190445,75
36,0.6244377293208498,0.6550723144940684,0.6275111088417407,0.6300526899797568,0.21099269574539567,-0.0013900436442004585,75
37,0.6422329701604551,0.6418773406950243,0.4814548628739661,0.6421706485716177,-0.0012634744573463165,-0.0014951296033137815,75
38,0.6719364411427609,0.664611535244344,0.6324052017551822,0.6701718206917338,-0.000819861881049486,-0.0006069023407788371,75
39,0.5779166302456302,0.6148190006097425,0.7995810001577481,0.5855140902554729,-0.00420524243642995,-0.0015204026137622276,75
40,0.5743729640150858,0.6031348230737172,0.5896491000451122,0.6523594836412092,-0.0056586677663504606,0.33393252202942403,75
41,0.7717476466108284,0.6275096028675523,0.7640155912583565,0.7698648737696697,-0.006694190649225106,-0.0013449290539049967,75
42,0.7059593340737074,0.7140300027891634,0.551387810966563,0.7280277106347625,-0.0068529625557583705,0.02890102557807449,75
43,0.6140542481375977,0.6585893437963859,0.6230685337797309,0.6150122439278044,-0.0018968820368315225,-0.0036061786341204326,75
44,0.7743172486802862,0.715880368687343,0.753886951494658,0.7515397063360457,0.1563253092861187,-6.887799308024115e-05,75
45,0.7879678512949609,0.6031940247180395,0.5301627441041546,0.8023486281339901,-0.0018878157740281594,0.39682319069092675,75
46,0.7966271823302364,0.7588256673662884,0.803225542275408,0.7927224933181009,-0.0001448058820918191,0.11290936946734621,75
47,0.8042124334601891,0.7102238733803424,0.8005586495280004,0.8081276370461915,0.30350984823601423,0.2617054235318651,75
48,0.5563421100247992,0.547386080181728,0.625191900673015,0.5524757436583099,-0.007565784009416378,-0.0008889541710364727,75
49,0.6585671829308748,0.5807866601956546,0.5012168111452853,0.702763243414116,0.1125354037506702,0.12098238168079899,75
0,0.4764215559605047,0.6550361041085372,0.4725804677883703,0.7934676442954839,-0.0026326109601901007,0.5026800808454136,100
1,0.6047177287838411,0.6877539149231148,0.5811416252188101,0.5920469174973916,-0.011950361674351867,0.03624487206372095,100
2,0.5910552458533428,0.5099611833297097,0.537489654394413,0.6266330819117231,-0.0026415577713541877,-0.0009645727190407566,100
3,0.6842305086051839,0.5447578322291043,0.6885177134309592,0.6961814219017112,-0.0012153782441849956,0.3584197828456291,100
4,0.6800576350219301,0.7306270990871563,0.5921466498714717,0.6826920364412532,-0.001543763302731313,0.10181308299930344,100
5,0.6592178320422741,0.6508200624398505,0.6259061742964402,0.6556734480431964,-0.00688534134569044,-0.0005332297573499073,100
6,0.7783059123396433,0.6940517528741852,0.7776449615039303,0.778845518132897,-0.00795500323724086,-0.0044724124008950795,100
7,0.539646268130296,0.6848990427261632,0.5321923395115024,0.658206404265889,-0.005425636446389077,0.03495185468942251,100
8,0.5611763907791288,0.6798769259168413,0.572529939203249,0.6666402135413557,-0.0008697753207966901,-0.0003324384227125338,100
9,0.6397212132762563,0.6605662997535985,0.634426050638162,0.6329746346819092,-0.0034406250965137593,0.34598860056177017,100
10,0.6178638564185369,0.6628834753375338,0.5900871313405333,0.6974652856315046,-0.00029198603092432104,0.0246000384110539,100
11,0.7811429786568973,0.713054925116971,0.7950496802262174,0.7804941413555518,-0.0028425575166938417,0.19335048667937982,100
12,0.6742576604349423,0.6803985356953366,0.6755697063084418,0.6759789753061305,-0.004841787862000236,-0.003359420097710611,100
13,0.6897633032848668,0.7918944584721155,0.6494555964241644,0.7217388371918855,-0.014498042883904912,0.19882131962354715,100
14,0.7869407109234878,0.6433782778085787,0.7494295570240603,0.7831555844563575,-0.009843946336423904,0.10575076876768334,100
15,0.7806414443665755,0.7888136529054235,0.7632508637338863,0.7883467661041214,-0.001546286812300947,0.06254915900926515,100
16,0.7362439458447215,0.7182973584735787,0.725523136585099,0.7358534975725741,-0.00047768790380706047,-0.004754517294690805,100
17,0.5825518535183392,0.6264522463250206,0.6336129115792594,0.6195517177772851,-0.0019137845043375732,0.4079101400834304,100
18,0.6873041904201221,0.6222533990599504,0.6795599403791891,0.6888512785198885,-0.0015792470284457726,0.4954684761408469,100
19,0.805684415743833,0.619099847357281,0.8022317701444954,0.8065834253164867,-0.0011081280169058657,-0.006016736807622878,100
20,0.81880406383924,0.6756081862964798,0.8180779310884269,0.8202968764966366,-0.003835345657222979,-0.001416878656398081,100
21,0.5711068392317298,0.6540237523728559,0.5721860516040167,0.5723667412988261,-0.00847030328373595,-0.0009288530552912866,100
22,0.6706213290693537,0.5851315873788456,0.5067846258696251,0.6722082357250254,-0.009778177355937716,-0.0002996282768997828,100
23,0.6643793304946565,0.6992060756139602,0.7036158710692773,0.6669824073386535,-0.0025234396733491552,0.22525773199410523,100
24,0.6639581572116157,0.6747483974595213,0.686027050164493,0.6649988638940315,-0.0041781377309385555,0.3062959721969625,100
25,0.7309847037825634,0.5647645778063013,0.48402933314820173,0.7505044271075112,-0.006051715907817425,0.5502992154994033,100
26,0.6850479007805178,0.5716193617348472,0.6497670910019914,0.7044908459630043,-0.004729619054599005,-0.006326313606123051,100
27,0.6128947370147098,0.6861602685595698,0.6238059802938841,0.6526150896979018,0.22189597644869544,-0.0005109091328932479,100
28,0.7571606971716472,0.6379859629787695,0.7637386619010518,0.7622553426728769,-0.008917487426803698,0.10547473114800453,100
29,0.6170125340587875,0.6331285998640751,0.6199104911035584,0.6204175271937228,-0.002047874546761272,-0.0020981740589759005,100
30,0.5588279014881508,0.6638278172478856,0.5612706329070802,0.561727894743129,-0.004071765240796663,0.13410765336996353,100
31,0.6281958522042063,0.6987456408888438,0.6039019983632612,0.6900181789587242,0.14231603151634054,0.18654654288696432,100
32,0.7558921194731336,0.6677210162109463,0.6303695513288434,0.7194602258737872,-0.0022670619515697686,-0.002613222026787329,100
33,0.7583615475914249,0.6972547134813993,0.7007797256282737,0.7439669993896699,-0.0006426210617259439,-0.0048037144575473175,100
34,0.5695643880102434,0.6794779699309639,0.7047802503533873,0.6376038167652764,-0.008497214780595381,0.010285132434810376,100
35,0.6450521254200117,0.6057299573389903,0.594319348529508,0.6361949354513136,-0.00828413872982627,0.030853896850063,100
36,0.6220285467971629,0.6574964212633367,0.6244437236075554,0.6305689051083225,0.029733512229445463,-0.00320045062005373,100
37,0.6422237478360667,0.6395594477249712,0.46457818238072457,0.6425098444128463,-0.0034124993718536675,-0.0037530024741885704,100
38,0.6719468827123151,0.6655257426381839,0.5549555433028655,0.6701842429607066,-0.002322851332713622,-0.002112135730694127,100
39,0.5778743577276901,0.6170148517847048,0.8010789771438929,0.585514638308671,-0.007018936725694808,-0.003958094687064614,100
40,0.5755187693746164,0.6031032119260022,0.5893481810808864,0.656176439906292,-0.00896582899113146,0.2810100921927936,100
41,0.7717528809498656,0.6785688166781567,0.7630395005144693,0.7698702981299745,-0.009279912115371476,-0.003310273058987592,100
42,0.7059885132176875,0.7174866762020888,0.5513606202664487,0.7280487546345588,-0.009682649593138906,-0.0022057932702463077,100
43,0.6141971952821274,0.6796066873449897,0.6316320175130001,0.6149988733097581,-0.0040457942788469795,-0.006387695384818527,100
44,0.7756628215588889,0.7140264836123599,0.753768687103657,0.751703425369778,0.057184114588043865,-0.002306877421343621,100
45,0.7891016060322581,0.6015989853892502,0.5297700493289671,0.8050466380169505,-0.003519334517991571,0.3015520003547734,100
46,0.7961491299952731,0.7534582086300143,0.8032001800999741,0.7927331300874723,-0.001755979789714292,-0.0006191329636134506,100
47,0.8047768661496886,0.7073074216091328,0.8003760748177923,0.8081282087941895,0.20577866922070884,0.08985171489119495,100
48,0.5550857419155492,0.5540870272874182,0.6268597969156781,0.5541557284531924,-0.011063246455153533,-0.0034292081816412225,100
49,0.6480018820237217,0.5926672403886909,0.5011837900472497,0.7029508143474121,-7.978327681892751e-05,0.006657393537868309,100
0,0.4764375799574692,0.6480756625309683,0.4718362828109156,0.792897281529699,-0.006358116367958588,0.4928987426067897,150
1,0.6050462539129969,0.7285943721113406,0.5776081790861518,0.5919126402129584,-0.019895322721149186,-0.0031437305206085575,150
2,0.5907555362063769,0.5148508313214323,0.5367470600928558,0.6418964812462746,-0.006620505010413723,-0.004173099870371175,150
3,0.6836066162026728,0.6057568557504946,0.6961341659191284,0.6905715906334329,-0.0037105536912130014,0.35296569507693315,150
4,0.6800319255476165,0.7311659349354745,0.5920674521862426,0.6825691670225804,-0.004521154765300932,-0.0023219055857195306,150
5,0.6588974163182565,0.6421551679586976,0.6256941212527988,0.6530567792492312,-0.013235886596407082,-0.004570454213566521,150
6,0.7782955575314353,0.6816563411745178,0.7769805464988121,0.7789024149099283,-0.01339441897665116,-0.008711648223025698,150
7,0.5395678239395255,0.6919752134629276,0.5309636510291653,0.6684182340608733,-0.010833633261226666,-0.0028575544146211963,150
8,0.5611436046687232,0.6772568897800708,0.5695037884706384,0.6672140650465403,-0.0031765830992012993,-0.0019576809425317088,150
9,0.6397341131385625,0.6648395493461924,0.6341760716223005,0.6328895591098633,-0.006197914337292598,0.32884547300956696,150
10,0.6180478684422628,0.6763177321200357,0.5931551628304387,0.6972413947836081,-0.0024781021072725054,-0.0032727183650301727,150
11,0.7811866734907289,0.7256652350455927,0.7949685377352073,0.7804803419731404,-0.00611193407809993,0.043503435541384146,150
12,0.674242233293856,0.6814929853165794,0.6748286989877942,0.6760390852032578,-0.008349245719287888,-0.007587808320206717,150
13,0.6892072196444048,0.8018925862170053,0.6476698168025121,0.7217619083374405,-0.023149963179501517,-0.0004030280088902928,150
14,0.7869710445511336,0.6450508140794827,0.7489402761456805,0.7831402524515241,-0.01637177168530055,-0.0012676793904587188,150
15,0.7804409441306643,0.7947624888990807,0.7597095405316296,0.7882657358802198,-0.004670371389147285,-0.001974556345380759,150
16,0.7362641330449458,0.7168914231379336,0.725425984068101,0.7361790728839915,-0.0032134862549083217,-0.010032651316524406,150
17,0.5823661693201859,0.6322402800015583,0.6335056124026985,0.6264382674875281,-0.006275011142156729,0.3895674001973246,150
18,0.6873707348491969,0.6905799129232216,0.6795213897001202,0.689094112893214,-0.0056110501473212405,0.3740085533159807,150
19,0.8056874819547315,0.6448339623408467,0.801400239272396,0.8066091295011157,-0.003524402777335618,-0.011815225977891574,150
20,0.8187874107346059,0.6853334750589519,0.8180337408959132,0.8202977860088143,-0.007406126527887957,-0.004863211733501957,150
21,0.5710995187560544,0.6899968235801,0.5716610124469292,0.572081803199125,-0.01404924022292813,-0.003442993976106229,150
22,0.6695844508944232,0.6190699251893735,0.505592362791919,0.6873305530053193,-0.016246695336060865,-0.0034070144461990854,150
23,0.6643766311408271,0.7153872062946139,0.7044640598004135,0.6674355075239434,-0.005964807023119108,0.015900370447083294,150
24,0.6640089067035437,0.6692529008088844,0.6861615168281374,0.6649499712799919,-0.008164170309257205,0.13187968912901543,150
25,0.7308492495818208,0.6302116672334792,0.4865186955416463,0.7620462821836427,-0.009950933173879831,0.5116991585638107,150
26,0.6843525347160188,0.597286767273671,0.6483725838815795,0.7045380322465642,-0.008799584428465282,-0.012196457140399942,150
27,0.6129020633465315,0.6919935036108985,0.6237382267882186,0.652513580106659,0.10145448421679783,-0.0033004706298926166,150
28,0.7570834358849645,0.6589535331687075,0.7628898356873678,0.7622063809203861,-0.014329687020571883,-0.0006320818812700767,150
29,0.6169591884731177,0.6337632949569842,0.6187765869021806,0.6202535808696786,-0.0049476902440215645,-0.0061395283756098245,150
30,0.5588107816569104,0.6684854841534797,0.5603447909409311,0.5616192083116893,-0.007844461918016967,-0.0008097774375006848,150
31,0.6283714778048254,0.6929167818439539,0.588947111732905,0.6925937411431307,-0.0006130369742598033,-0.0010257614578347582,150
32,0.7560213301898723,0.6696339231155616,0.6273295148493099,0.7196335189968343,-0.005810360511102829,-0.007434440758437498,150
33,0.7585487983893825,0.6893815121467117,0.7018329701193523,0.7492214547897585,-0.004433214568032783,-0.009167084967932046,150
34,0.569430001024585,0.6808190966975177,0.7069059426156571,0.6380121736616725,-0.014989906337372334,-0.002828384274365992,150
35,0.6451437692329477,0.6602807001232671,0.5937571706959998,0.636163520780783,-0.014230529989119925,-0.0025707602062747434,150
36,0.6219392430247863,0.6613337966428282,0.6157691970774941,0.6327225997449706,-0.00369885431104032,-0.006903282474849384,150
37,0.6422053515910092,0.6542156343888663,0.46299341248991144,0.6425776207934669,-0.007821668818581958,-0.008294220955508672,150
38,0.6719675103863227,0.6969127396828623,0.5443115069120954,0.6701170431115159,-0.004893762633988848,-0.005063431951958013,150
39,0.5777888955839451,0.6128164096731405,0.8138165856751819,0.5855148527127262,-0.012502124446053,-0.008339234875026807,150
40,0.5752905404721615,0.6269169163466133,0.5887117820549359,0.6561649148207145,-0.015609346454743817,0.18518107949047694,150
41,0.7717633453907171,0.712994290475322,0.4651371272703746,0.769894330682808,-0.01454474768989017,-0.007266028108733054,150
42,0.7060469668511944,0.7233721173285984,0.5512792329699808,0.7280933791024513,-0.014932149010386093,-0.0074566427915323955,150
43,0.6144832941877819,0.6886913910330058,0.6373782029621881,0.6149923832263755,-0.008317664321964933,-0.012044040705832005,150
44,0.7760663193813004,0.7090211297607286,0.7535145507757621,0.7525407914770594,-0.001503006928950507,-0.0067860712440443805,150
45,0.7891296462729591,0.6029996008212656,0.5287961041801281,0.8088697499016034,-0.006079815263197682,0.1154461178716064,150
46,0.7961692443700563,0.6992856521027206,0.8031459436862546,0.7927395675649351,-0.004991571173178853,-0.003965942748020434,150
47,0.8047311650138897,0.6737801071277829,0.7999983642740954,0.8081193139104953,-0.00047463929234724803,-0.002090170752394101,150
48,0.5537970074664769,0.6665446393334773,0.6288750013934209,0.6565689314447039,-0.018226089164991313,-0.008507771915016045,150
49,0.6477985094984923,0.6455400790545981,0.5011149063396438,0.7032367935998715,-0.002718985210061009,-0.0021244810963146473,150
0,0.4764537733683607,0.6437447923255509,0.469618002078647,0.79218520538901,-0.01019833948159796,0.48239753943603664,200
1,0.6053724564290709,0.7331209890376863,0.5740680225658789,0.5918950313270285,-0.0279066598206978,-0.006688045882764322,200
2,0.5904502149155247,0.5104302569110354,0.5357982879640169,0.6559681639739953,-0.010628962131147444,-0.007375622918292653,200
3,0.682773390248715,0.6925530072885758,0.7064910124744294,0.6904693138460409,-0.006491971480867173,0.3465641336368417,200
4,0.68000613988522,0.7397805481853431,0.5919291611132566,0.6825808813655092,-0.007967619330811374,-0.005693051086828337,200
5,0.6585783531327445,0.6409510868510963,0.6254584174649839,0.6504986106285322,-0.019557970947864413,-0.008644895753310362,200
6,0.7782850813346063,0.6525023282579221,0.7767067844378893,0.7789749937057544,-0.018825813501345642,-0.012946533083570834,200
7,0.5394893289954354,0.6921841886034671,0.5296709368335211,0.6685980216613061,-0.01623677775520624,-0.006072307796788221,200
8,0.5611108047488994,0.6587965066321706,0.5665312487161077,0.6679230457319288,-0.005585923926993113,-0.003577163425143128,200
9,0.6397470189187866,0.7054823650598828,0.6339240477825014,0.6328287290382995,-0.009034531613941018,0.31488380482720646,200
10,0.6182257502969335,0.6750396325967711,0.5961505756508994,0.6970759802061343,-0.005140877610385801,-0.006682039871660235,200
11,0.7812127996602733,0.7251331781156983,0.794835439945738,0.7804775600959358,-0.009266818794511935,-0.0009343943777077751,200
12,0.6742267927166384,0.6833084993984259,0.6741174450170884,0.6761153522581295,-0.011909451525748436,-0.01174799012854247,200
13,0.6886477656500992,0.8012555215640266,0.6458708876158589,0.72182304048646,-0.03159354474672297,-0.002775486030689235,200
14,0.7870013580888447,0.6428057346280492,0.7484627866474112,0.7831532637457032,-0.02288876878210743,-0.003549785588760819,200
15,0.7802355270817621,0.7962062390220374,0.7555608210665469,0.7881942465323142,-0.008061489343044894,-0.004552164151076028,200
16,0.7362819729720391,0.7147218712573643,0.725215200669263,0.7362638813341479,-0.006036063965235905,-0.015305313043819694,200
17,0.5821807306123279,0.5979575312015193,0.6330706445272347,0.6297684671426653,-0.01100700642073299,0.3765306473687544,200
18,0.687431625037307,0.6958866415953974,0.6794526594260137,0.6893339635627524,-0.009690335045152012,0.2493484374645129,200
19,0.8056905413375931,0.6402322904730967,0.800436878774802,0.8066548445252827,-0.0060279869327562515,-0.01756134255409256,200
20,0.8187706754411004,0.7317414222491303,0.8179897955188813,0.8203025602528645,-0.01107279347371272,-0.008307568808402197,200
21,0.5710921608437298,0.6872462089529496,0.5710878939313353,0.572038880345117,-0.019885273470096724,-0.0059180537460565615,200
22,0.6689167810636136,0.6184335466444008,0.5041689472346673,0.6880013480922218,-0.022738691111489448,-0.007036925155142112,200
23,0.6643738889902114,0.7139685438207632,0.7049007784834781,0.6679189874675571,-0.009430141506525479,-0.0018933488392937823,200
24,0.6640597838735016,0.6686663466732178,0.6862094378857669,0.6648577319962771,-0.012122365878854012,-0.0003788816436104191,200
25,0.730714101775775,0.6742330528770178,0.48690398481788566,0.7622282393550873,-0.013826381278603748,0.4750081693847008,200
26,0.6839729301961268,0.5996829981757961,0.6469211566454584,0.7046634977649711,-0.012828929556761357,-0.01809226959066824,200
27,0.6129099919505859,0.7016795218112377,0.6236141373517918,0.6528540308190993,-0.0009972704269040219,-0.005945533252959542,200
28,0.7570366030354851,0.6540109589762638,0.7619493566618833,0.7620783865071338,-0.020171924422583587,-0.002305335831771176,200
29,0.6169057426645309,0.6327409726912568,0.6158376362916557,0.6202452919925093,-0.008115588933357353,-0.010209155961503088,200
30,0.5587936581107222,0.669460510337577,0.5601943501381571,0.5617159833233296,-0.011604396402535742,-0.0028884653103829665,200
31,0.6285463424596444,0.6953419411304863,0.5824498167089,0.6926830666675036,-0.0023624050628181493,-0.0038233356105560443,200
32,0.756149902712932,0.6732537135423546,0.624121055131011,0.719913310260268,-0.009506599230842794,-0.012248443996616181,200
33,0.7587353363291898,0.6801011985802664,0.7014027972948446,0.75446318552583,-0.007883493574823512,-0.012966012945712537,200
34,0.569351554531458,0.6816263367105786,0.7071423452947153,0.6384777027305739,-0.020764157429786406,-0.005715462222661114,200
35,0.6452352972855729,0.6623160989458357,0.5931991701007256,0.6362193409282243,-0.020199733372141565,-0.005462003728647762,200
36,0.6218431859098283,0.6982107995792279,0.5783533721898197,0.6327382176525295,-0.007758158581217716,-0.010659773610275165,200
37,0.6421869369224537,0.5960223417496567,0.46109146935144424,0.6426509821540256,-0.01273922213984434,-0.012862385996413591,200
38,0.6719877763440889,0.6963325868611013,0.5420764909304507,0.6701745024397734,-0.007441269344411117,-0.00801705433382467,200
39,0.5777025494698554,0.5699610515864378,0.8138512181376215,0.585513606674346,-0.018348297350274077,-0.012712295926193603,200
40,0.5750608532463647,0.6310534607909905,0.5880158603146516,0.6563112376205382,-0.022269520293039028,0.0957221877062178,200
41,0.7717737998498231,0.7494831913466784,0.46407861903978415,0.7699050103574954,-0.019621811004077085,-0.01115976544401733,200
42,0.7061055903807909,0.7609087424470834,0.5511482842996129,0.7281422255022787,-0.020321665476002462,-0.012813499250689898,200
43,0.6147698610094897,0.6786896962522481,0.6376024486754376,0.614953526223646,-0.012446592414930803,-0.017711707602175088,200
44,0.7764585488152109,0.695528535654659,0.7532268565962144,0.7526059458089772,-0.003695734889077299,-0.011275519684404347,200
45,0.7891576234103213,0.6401003735266406,0.5273999155612934,0.810485913266821,-0.009696960732580664,-0.0006724520061629785,200
46,0.7961892697787715,0.6993584237195882,0.8030861465725332,0.7927728003255642,-0.008134694885535764,-0.0073430948101193836,200
47,0.8046853558017575,0.6867099694136884,0.7995996732553446,0.8081222730001235,-0.003105053426571669,-0.005070498823822852,200
48,0.5532898855090278,0.6656294530881763,0.6299982512784442,0.6541811416604942,-0.025582057640591734,-0.013532986814826809,200
49,0.6476011844864097,0.6483452451280385,0.5010406614603745,0.703624609530258,-0.005340436671840987,-0.004325186561956338,200
