"",sample,TF,activity,delta,mean_r,r,score,name,drug
"1",CPC008_A549_6H:BRD-K44432556-001-03-0:10,P18848,0.9963714,-0.16691995,0.403267180077989,0.844324812532589,0.623795996305289,ATF4,C(Nc1nc(nnc1-c1ccccc1)-c1ccccn1)c1ccc(cc1)-c1ccccc1
"2",CPC008_A549_6H:BRD-K92817986-001-03-3:10,P18848,0.9090831,-0.12861532,0.403267180077989,0.844324812532589,0.623795996305289,ATF4,Clc1ccc(Cl)c(SCC(=O)N\N=C\c2ccc[nH]2)c1
"3",CPC011_A549_6H:BRD-A81233518-004-13-8:10,P18848,0.8985648,-0.13652158,0.403267180077989,0.844324812532589,0.623795996305289,ATF4,C[N+]1(C)CCC(C1)OC(=O)C(O)(C1CCCC1)c1ccccc1
"4",CPC011_A549_6H:BRD-K21283037-003-09-6:10,P18848,0.9072366,-0.13692397,0.403267180077989,0.844324812532589,0.623795996305289,ATF4,Nc1nc2ccc(OC(F)(F)F)cc2s1
"5",CPC011_A549_6H:BRD-K45158365-001-07-2:10,P18848,0.8072906,-0.11639309,0.403267180077989,0.844324812532589,0.623795996305289,ATF4,CCCCC(=O)N(Cc1ccc(cc1)-c1ccccc1-c1nn[nH]n1)[C@@H](C(C)C)C(O)=O
"6",CPC011_A549_6H:BRD-K92984783-003-04-0:10,P18848,0.7843231,-0.12338728,0.403267180077989,0.844324812532589,0.623795996305289,ATF4,CC1CCN(CCCC(=O)c2ccc(F)cc2)CC1
"7",CPC013_A549_6H:BRD-K11663430-001-01-5:10,P18848,0.7672647,-0.1012789,0.403267180077989,0.844324812532589,0.623795996305289,ATF4,ONC(=O)CCCCCCC(=O)Nc1cccnc1
"8",CPC013_A549_6H:BRD-K15600710-066-01-7:10,P18848,0.956779,-0.14801383,0.403267180077989,0.844324812532589,0.623795996305289,ATF4,COC1=CC(=N\C\1=C/c1[nH]c(C)cc1C)c1cc2ccccc2[nH]1
"9",CPC013_A549_6H:BRD-K24681473-004-01-4:10,P18848,0.9181192,-0.16789418,0.403267180077989,0.844324812532589,0.623795996305289,ATF4,COCC[n+]1c(C)n(Cc2cnccn2)c2c1C(=O)c1ccccc1C2=O
"10",CPC013_A549_6H:BRD-K31553034-001-01-4:10,P18848,0.7577251,-0.10999143,0.403267180077989,0.844324812532589,0.623795996305289,ATF4,COc1nc(C)cnc1NS(=O)(=O)c1cccnc1-c1ccc(cc1)-c1nnco1
"11",CPC013_A549_6H:BRD-K66175015-001-01-7:10,P18848,0.8920727,-0.11548591,0.403267180077989,0.844324812532589,0.623795996305289,ATF4,CN(C)C\C=C\C(=O)Nc1cc2c(Nc3ccc(F)c(Cl)c3)ncnc2cc1O[C@H]1CCOC1
"12",CPC014_A549_6H:BRD-K01436366-001-02-4:10,P18848,0.7603957,-0.10671514,0.403267180077989,0.844324812532589,0.623795996305289,ATF4,COc1cc(ccc1Nc1ncc2N(C)C(=O)c3ccccc3N(C)c2n1)C(=O)N1CCC(CC1)N1CCN(C)CC1
"13",CPC014_A549_6H:BRD-K05977823-001-01-2:10,P18848,0.8572215,-0.11602235,0.403267180077989,0.844324812532589,0.623795996305289,ATF4,CC(=O)Nc1ccc(NC(=S)NC(=O)c2ccc(cc2)C(C)(C)C)cc1
"14",CPC014_A549_6H:BRD-K23192422-001-01-1:10,P18848,0.8652892,-0.13361889,0.403267180077989,0.844324812532589,0.623795996305289,ATF4,C[C@]12O[C@H](C[C@]1(O)CO)n1c3ccccc3c3c4C(=O)NCc4c4c5ccccc5n2c4c13
"15",CPC014_A549_6H:BRD-K50140147-001-01-0:10,P18848,0.9280539,-0.114121854,0.403267180077989,0.844324812532589,0.623795996305289,ATF4,COc1cc(ccc1Nc1ncc(Cl)c(Nc2ccccc2S(=O)(=O)C(C)C)n1)N1CCC(CC1)N1CCN(C)CC1
"16",CPC014_A549_6H:BRD-K68174511-001-01-7:10,P18848,0.9327174,-0.10184091,0.403267180077989,0.844324812532589,0.623795996305289,ATF4,Nc1ccc(cn1)-c1ccc2ncc3ccc(=O)n(-c4cccc(c4)C(F)(F)F)c3c2c1
"17",CPC014_A549_6H:BRD-K70401845-001-02-5:10,P18848,0.9329915,-0.13011622,0.403267180077989,0.844324812532589,0.623795996305289,ATF4,COCCOc1cc2ncnc(Nc3cccc(c3)C#C)c2cc1OCCOC
"18",CPC014_A549_6H:BRD-K71035033-001-01-4:10,P18848,0.9076085,-0.14306074,0.403267180077989,0.844324812532589,0.623795996305289,ATF4,CN1CCN(Cc2ccc(cc2)C(=O)Nc2ccc(C)c(Nc3nc(cs3)-c3cccnc3)c2)CC1
"19",CPC014_A549_6H:BRD-K72420232-001-02-4:10,P18848,0.844352,-0.12673002,0.403267180077989,0.844324812532589,0.623795996305289,ATF4,COc1cc(ccc1Nc1ncc(Cl)c(Oc2cccc(NC(=O)C=C)c2)n1)N1CCN(C)CC1
"20",CPC014_A549_6H:BRD-K95901403-001-01-1:10,P18848,0.9830119,-0.14509618,0.403267180077989,0.844324812532589,0.623795996305289,ATF4,Cc1ccc(cc1)S(=O)(=O)Nc1nc2ccccc2nc1Nc1ccc2nsnc2c1
"21",CPC014_A549_6H:BRD-K98684188-001-01-1:10,P18848,0.8879328,-0.11835766,0.403267180077989,0.844324812532589,0.623795996305289,ATF4,COC(=O)c1sccc1S(=O)(=O)Nc1ccc(Nc2ccccc2)cc1OC
"22",CPC015_A549_6H:BRD-K82255054-001-08-4:10,P18848,0.8978616,-0.13726449,0.403267180077989,0.844324812532589,0.623795996305289,ATF4,CC(C)c1cccc(C(C)C)c1O
"23",CPC016_A549_6H:BRD-K04111260-001-05-0:10,P18848,0.2179602,0.11629334,0.403267180077989,0.844324812532589,0.623795996305289,ATF4,CCN1CCC[C@H]1CNC(=O)c1c(O)c(Cl)cc(Cl)c1OC
"24",CPC016_A549_6H:BRD-K04146668-001-01-3:10,P18848,0.8795504,-0.13650203,0.403267180077989,0.844324812532589,0.623795996305289,ATF4,Cn1cc(C=C2C(=O)Nc3cccnc23)c4ccccc14
"25",CPC016_A549_6H:BRD-K24675965-001-02-5:10,P18848,0.2145435,0.115626484,0.403267180077989,0.844324812532589,0.623795996305289,ATF4,Brc1ccc(NC(=O)N2NC(=O)[C@H]([C@@H]2c2ccccc2)c2ccccc2)cc1
"26",CPC016_A549_6H:BRD-K79684402-300-01-0:10,P18848,0.1908725,0.12661585,0.403267180077989,0.844324812532589,0.623795996305289,ATF4,Cc1ncc(CN2CCC(=CC2)c2ccccc2)c(N)n1
"27",CPC016_A549_6H:BRD-K96862998-001-03-1:10,P18848,0.214811,0.10940966,0.403267180077989,0.844324812532589,0.623795996305289,ATF4,Cc1ccc(=O)n(c1)-c1ccccc1
"28",CPC017_A549_6H:BRD-A38898897-003-01-0:10,P18848,0.2190039,0.10347754,0.403267180077989,0.844324812532589,0.623795996305289,ATF4,CC(C)C1[C@H]2[C@@H](CCN2C(=O)/C=C/CN3CCCCC3)N(C1=O)S(=O)(=O)C
"29",CPC017_A549_6H:BRD-K00486786-001-01-4:10,P18848,0.1994076,0.13590682,0.403267180077989,0.844324812532589,0.623795996305289,ATF4,Cc1cc2nc3c(nc(=O)[nH]c3=O)n(C)c2cc1C=O
"30",CPC017_A549_6H:BRD-K11911061-003-02-8:10,P18848,0.9587019,-0.1294213,0.403267180077989,0.844324812532589,0.623795996305289,ATF4,COc1ccc(NC(=O)c2ccc(cc2)-c2ccc(cc2C)-c2noc(C)n2)cc1N1CCN(C)CC1
"31",CPC017_A549_6H:BRD-K15086322-103-01-0:10,P18848,0.1341624,0.12655151,0.403267180077989,0.844324812532589,0.623795996305289,ATF4,CN1CCN(CC1)C(=O)c1nc2ccc(Cl)cc2[nH]1
"32",CPC017_A549_6H:BRD-K15791587-003-01-7:10,P18848,0.2465159,0.106799126,0.403267180077989,0.844324812532589,0.623795996305289,ATF4,FC(F)(F)c1cc(CO[C@H]2CCCN[C@H]2c2ccccc2)cc(c1)C(F)(F)F
"33",CPC017_A549_6H:BRD-K67013324-001-01-5:10,P18848,0.19474,0.11317167,0.403267180077989,0.844324812532589,0.623795996305289,ATF4,CC(=O)NCCc1c(Cc2ccccc2)[nH]c2ccccc12
"34",CPC017_A549_6H:BRD-K78692225-001-11-2:10,P18848,0.2400044,0.112998486,0.403267180077989,0.844324812532589,0.623795996305289,ATF4,Cc1oncc1C(=O)Nc1ccc(cc1)C(F)(F)F
"35",CPC017_A549_6H:BRD-K81225797-001-01-5:10,P18848,0.220671,0.11943498,0.403267180077989,0.844324812532589,0.623795996305289,ATF4,Nc1nc2n(CCc3ccccc3)ncc2c2nc(nn12)-c1ccco1
"36",CPC018_A549_6H:BRD-A29289453-001-03-9:10,P18848,0.9455904,-0.13840961,0.403267180077989,0.844324812532589,0.623795996305289,ATF4,COC(=O)C1=C(C)NC(C)=C(C1C)C(=O)OCCSc1ccccc1
"37",CPC018_A549_6H:BRD-A36267905-003-12-7:10,P18848,0.8881567,-0.10952598,0.403267180077989,0.844324812532589,0.623795996305289,ATF4,CC(CCc1ccccc1)NC(C)C(O)c1ccc(O)cc1
"38",CPC018_A549_6H:BRD-A89337244-001-01-1:10,P18848,0.8711562,-0.13365513,0.403267180077989,0.844324812532589,0.623795996305289,ATF4,CCOC(=O)c1c(C)[nH]c2ccc3OC4N(CCc5cc(OC)ccc45)Cc3c12
"39",CPC018_A549_6H:BRD-K10843433-001-12-8:10,P18848,0.8343651,-0.1202482,0.403267180077989,0.844324812532589,0.623795996305289,ATF4,CCCCC1C(=O)N(N(C1=O)c1ccccc1)c1ccccc1
"40",CPC018_A549_6H:BRD-K19605405-001-01-9:10,P18848,0.7611332,-0.112558484,0.403267180077989,0.844324812532589,0.623795996305289,ATF4,Nc1nc(NCCc2ccc(O)cc2)nc2nc(nn12)-c1ccco1
"41",CPC018_A549_6H:BRD-K22385716-001-01-7:10,P18848,0.8405367,-0.10571569,0.403267180077989,0.844324812532589,0.623795996305289,ATF4,O=c1cc(oc2c(cccc12)-c1ccccc1)N1CCNCC1
"42",CPC018_A549_6H:BRD-K24240364-003-02-1:10,P18848,0.7923549,-0.106616676,0.403267180077989,0.844324812532589,0.623795996305289,ATF4,CC1=NN=C(c2ccc(N)cc2)c2cc3OCOc3cc2C1
"43",CPC018_A549_6H:BRD-K33864865-001-01-7:10,P18848,0.842591,-0.12919408,0.403267180077989,0.844324812532589,0.623795996305289,ATF4,CC(C)Oc1cccc(c1)-n1c(CCc2c[nH]c3ccc(Br)cc23)nc2ccccc2c1=O
"44",CPC018_A549_6H:BRD-K37846922-001-04-5:10,P18848,0.7769958,-0.116438985,0.403267180077989,0.844324812532589,0.623795996305289,ATF4,C(c1c[nH]c2ccccc12)c1c[nH]c2ccccc12
"45",CPC018_A549_6H:BRD-K69195780-001-01-5:10,P18848,0.8159374,-0.1373927,0.403267180077989,0.844324812532589,0.623795996305289,ATF4,COc1ccccc1N1CCN(CCCCN2C(=O)c3ccccc3C2=O)CC1
"46",CPC018_A549_6H:BRD-K75641298-001-01-5:10,P18848,0.7755032,-0.11351478,0.403267180077989,0.844324812532589,0.623795996305289,ATF4,CCN(CC)CCNC(=O)c1cc(Cl)c(N)cc1OC
"47",CPC020_A549_6H:BRD-K90027355-001-10-9:10,P18848,0.7640067,-0.101828754,0.403267180077989,0.844324812532589,0.623795996305289,ATF4,CC(=O)S[C@@H]1CC2=CC(=O)CC[C@]2(C)[C@H]2CC[C@@]3(C)[C@@H](CC[C@@]33CCC(=O)O3)[C@H]12
"48",CPC011_A549_6H:BRD-K45158365-001-07-2:10,P17676,0.2048604,0.10379428,0.414911735727241,0.780375294187401,0.597643514957321,CEBPB,CCCCC(=O)N(Cc1ccc(cc1)-c1ccccc1-c1nn[nH]n1)[C@@H](C(C)C)C(O)=O
"49",CPC013_A549_6H:BRD-K11663430-001-01-5:10,P17676,0.1088659,0.10986838,0.414911735727241,0.780375294187401,0.597643514957321,CEBPB,ONC(=O)CCCCCCC(=O)Nc1cccnc1
"50",CPC013_A549_6H:BRD-K31553034-001-01-4:10,P17676,0.1042235,0.1216099,0.414911735727241,0.780375294187401,0.597643514957321,CEBPB,COc1nc(C)cnc1NS(=O)(=O)c1cccnc1-c1ccc(cc1)-c1nnco1
"51",CPC013_A549_6H:BRD-K63068307-001-01-4:10,P17676,0.05887793,0.12707174,0.414911735727241,0.780375294187401,0.597643514957321,CEBPB,FC(F)c1nc2ccccc2n1-c1nc(nc(n1)N1CCOCC1)N1CCOCC1
"52",CPC013_A549_6H:BRD-K66175015-001-01-7:10,P17676,0.1242474,0.11958021,0.414911735727241,0.780375294187401,0.597643514957321,CEBPB,CN(C)C\C=C\C(=O)Nc1cc2c(Nc3ccc(F)c(Cl)c3)ncnc2cc1O[C@H]1CCOC1
"53",CPC013_A549_6H:BRD-K76908866-001-01-9:10,P17676,0.1018692,0.1121991,0.414911735727241,0.780375294187401,0.597643514957321,CEBPB,COCC(=O)NC\C=C\c1ccc2ncnc(Nc3ccc(Oc4ccc(C)nc4)c(C)c3)c2c1
"54",CPC013_A549_6H:BRD-K79090631-001-15-7:10,P17676,0.03681936,0.11201343,0.414911735727241,0.780375294187401,0.597643514957321,CEBPB,OCCCNc1cc(ccn1)c2ccnc(Nc3cccc(Cl)c3)n2
"55",CPC013_A549_6H:BRD-K92428232-001-01-5:10,P17676,0.09418279,0.11636147,0.414911735727241,0.780375294187401,0.597643514957321,CEBPB,C[C@@H](Oc1cc(sc1C(N)=O)-n1cnc2ccc(CN3CCN(C)CC3)cc12)c1ccccc1C(F)(F)F
"56",CPC017_A549_6H:BRD-K14618467-003-01-8:10,P17676,0.8208975,-0.10096356,0.414911735727241,0.780375294187401,0.597643514957321,CEBPB,O=C(N1CCC(CC1)N1CCCC1)c1ccc(Nc2nccc(n2)-c2cc3ccccc3s2)cc1
"57",CPC017_A549_6H:BRD-K67298865-001-03-3:10,P17676,0.7951319,-0.10591707,0.414911735727241,0.780375294187401,0.597643514957321,CEBPB,NC(=O)c1ccc(cc1)-c1nc(c([nH]1)-c1ccccn1)-c1ccc2OCOc2c1
"58",CPC017_A549_6H:BRD-K68246049-001-01-4:10,P17676,0.7818176,-0.10150033,0.414911735727241,0.780375294187401,0.597643514957321,CEBPB,CC(=Cc1ccc(cc1)C(=O)O)c2ccc3c(c2)C(C)(C)CCC3(C)C
"59",CPC017_A549_6H:BRD-K82823804-001-01-7:10,P17676,0.9115767,-0.14847845,0.414911735727241,0.780375294187401,0.597643514957321,CEBPB,Oc1ccc2[nH]c3cc(c4C(=O)NC(=O)c4c3c2c1)-c1ccccc1
"60",CPC018_A549_6H:BRD-K19284129-001-01-8:10,P17676,0.1633291,0.10665652,0.414911735727241,0.780375294187401,0.597643514957321,CEBPB,COC(=O)[C@@H]1C[C@H](OC(C)=O)C(=O)[C@H]2[C@@]1(C)CC[C@H]1C(=O)O[C@@H](C[C@]21C)c1ccoc1
"61",CPC018_A549_6H:BRD-K75641298-001-01-5:10,P17676,0.2101892,0.10747436,0.414911735727241,0.780375294187401,0.597643514957321,CEBPB,CCN(CC)CCNC(=O)c1cc(Cl)c(N)cc1OC
"62",CPC011_A549_6H:BRD-K52662033-001-15-8:10,Q01094,0.8505889,-0.10471958,0.468515169612454,0.800238841194259,0.634377005403357,E2F1,CCN(CC)CC(=O)Nc1c(C)cccc1C
"63",CPC011_A549_6H:BRD-K57033106-003-15-5:10,Q01094,0.819925,-0.10365194,0.468515169612454,0.800238841194259,0.634377005403357,E2F1,CN(C)CCN(Cc1ccccc1)c1ccccn1
"64",CPC014_A549_6H:BRD-K23192422-001-01-1:10,Q01094,0.115682,0.12560633,0.468515169612454,0.800238841194259,0.634377005403357,E2F1,C[C@]12O[C@H](C[C@]1(O)CO)n1c3ccccc3c3c4C(=O)NCc4c4c5ccccc5n2c4c13
"65",CPC008_A549_6H:BRD-K92817986-001-03-3:10,Q14209,0.8077735,-0.11704844,0.503702521172817,0.780915959819574,0.642309240496195,E2F2,Clc1ccc(Cl)c(SCC(=O)N\N=C\c2ccc[nH]2)c1
"66",CPC010_A549_6H:BRD-K18816859-002-04-6:10,Q14209,0.7746629,-0.10008392,0.503702521172817,0.780915959819574,0.642309240496195,E2F2,CS(=O)(=O)Nc1ccc(Cc2noc(n2)-c2ccc3[nH]cc(CCN)c3c2)cc1
"67",CPC010_A549_6H:BRD-K31471398-311-04-6:10,Q14209,0.7726527,-0.1098077,0.503702521172817,0.780915959819574,0.642309240496195,E2F2,Oc1cc2CC[C@H]3NCc4ccccc4[C@@H]3c2cc1O
"68",CPC011_A549_6H:BRD-A81233518-004-13-8:10,Q14209,0.8102705,-0.121085495,0.503702521172817,0.780915959819574,0.642309240496195,E2F2,C[N+]1(C)CCC(C1)OC(=O)C(O)(C1CCCC1)c1ccccc1
"69",CPC011_A549_6H:BRD-K21283037-003-09-6:10,Q14209,0.8008331,-0.12250647,0.503702521172817,0.780915959819574,0.642309240496195,E2F2,Nc1nc2ccc(OC(F)(F)F)cc2s1
"70",CPC011_A549_6H:BRD-K57033106-003-15-5:10,Q14209,0.8329118,-0.11948106,0.503702521172817,0.780915959819574,0.642309240496195,E2F2,CN(C)CCN(Cc1ccccc1)c1ccccn1
"71",CPC011_A549_6H:BRD-K92984783-003-04-0:10,Q14209,0.8087035,-0.12447995,0.503702521172817,0.780915959819574,0.642309240496195,E2F2,CC1CCN(CCCC(=O)c2ccc(F)cc2)CC1
"72",CPC013_A549_6H:BRD-K92428232-001-01-5:10,Q14209,0.7866018,-0.1172384,0.503702521172817,0.780915959819574,0.642309240496195,E2F2,C[C@@H](Oc1cc(sc1C(N)=O)-n1cnc2ccc(CN3CCN(C)CC3)cc12)c1ccccc1C(F)(F)F
"73",CPC018_A549_6H:BRD-K24240364-003-02-1:10,Q14209,0.7937717,-0.114763945,0.503702521172817,0.780915959819574,0.642309240496195,E2F2,CC1=NN=C(c2ccc(N)cc2)c2cc3OCOc3cc2C1
"74",CPC018_A549_6H:BRD-K50398167-236-12-8:10,Q14209,0.7916728,-0.10011083,0.503702521172817,0.780915959819574,0.642309240496195,E2F2,Cc1ccc(Cl)c(Nc2ccccc2C(O)=O)c1Cl
"75",CPC014_A549_6H:BRD-K23192422-001-01-1:10,Q08050,0.1970556,0.11140844,0.508088445981305,0.744244312327264,0.626166379154284,FOXM1,C[C@]12O[C@H](C[C@]1(O)CO)n1c3ccccc3c3c4C(=O)NCc4c4c5ccccc5n2c4c13
"76",CPC014_A549_6H:BRD-K56957086-001-04-8:10,Q08050,0.129115,0.115187466,0.508088445981305,0.744244312327264,0.626166379154284,FOXM1,OCCN(CCc1c[nH]c2ccccc12)Cc1ccc(\C=C\C(=O)NO)cc1
"77",CPC017_A549_6H:BRD-K12867552-001-01-3:10,Q08050,0.107794,0.10916692,0.508088445981305,0.744244312327264,0.626166379154284,FOXM1,CN(C)Cc1c(oc2ccccc12)C(=O)NCCOc1ccc(cc1)C(=O)NO
"78",CPC006_A549_6H:BRD-K12502280-001-01-5:11.1,P15976,0.0654487,0.104259074,0.485434434900811,0.788744307360299,0.637089371130555,GATA1,Cc1cnc(Nc2ccc(OCCN3CCCC3)cc2)nc1Nc1cccc(c1)S(=O)(=O)NC(C)(C)C
"79",CPC006_A549_6H:BRD-K19295594-001-08-5:11.1,P15976,0.09589438,0.10109085,0.485434434900811,0.788744307360299,0.637089371130555,GATA1,CC(C)c1c(O)c(O)c(C=O)c2c(O)c(c(C)cc12)-c1c(C)cc2c(C(C)C)c(O)c(O)c(C=O)c2c1O
"80",CPC006_A549_6H:BRD-K85606544-001-01-8:10,P15976,0.1321454,0.10807574,0.485434434900811,0.788744307360299,0.637089371130555,GATA1,CCOc1cc2ncc(C#N)c(Nc3ccc(OCc4ccccn4)c(Cl)c3)c2cc1NC(=O)\C=C\CN(C)C
"81",CPC010_A549_6H:BRD-K18816859-002-04-6:10,P15976,0.2244853,0.100168794,0.485434434900811,0.788744307360299,0.637089371130555,GATA1,CS(=O)(=O)Nc1ccc(Cc2noc(n2)-c2ccc3[nH]cc(CCN)c3c2)cc1
"82",CPC014_A549_6H:BRD-K16485616-001-03-0:10,P15976,0.8456383,-0.14108738,0.485434434900811,0.788744307360299,0.637089371130555,GATA1,Nc1ccccc1NC(=O)c1ccc(CNc2nccc(n2)-c2cccnc2)cc1
"83",CPC014_A549_6H:BRD-K53561341-001-02-6:10,P15976,0.7885458,-0.10914719,0.485434434900811,0.788744307360299,0.637089371130555,GATA1,CCN1CCN(CC1)C(=O)Cc1ccc(Nc2ncc(F)c(Nc3ccc(cc3)C(=O)Nc3ccccc3Cl)n2)cc1
"84",CPC014_A549_6H:BRD-K72420232-001-02-4:10,P15976,0.8159808,-0.12948701,0.485434434900811,0.788744307360299,0.637089371130555,GATA1,COc1cc(ccc1Nc1ncc(Cl)c(Oc2cccc(NC(=O)C=C)c2)n1)N1CCN(C)CC1
"85",CPC014_A549_6H:BRD-K73293050-001-01-5:10,P15976,0.8472859,-0.12269524,0.485434434900811,0.788744307360299,0.637089371130555,GATA1,CN1CCN(CC1)c1ccc(Nc2ncc(Cl)c(Oc3cccc(NC(=O)C=C)c3)n2)cc1
"86",CPC014_A549_6H:BRD-K83794624-001-01-7:10,P15976,0.7757526,-0.1393578,0.485434434900811,0.788744307360299,0.637089371130555,GATA1,COc1cccc2C(=O)c3c(O)c4C[C@](O)(C[C@H](O[C@H]5C[C@H](N)[C@H](O[C@@H]6CCCCO6)[C@H](C)O5)c4c(O)c3C(=O)c12)C(=O)CO
"87",CPC014_A549_6H:BRD-K98684188-001-01-1:10,P15976,0.817003,-0.103577495,0.485434434900811,0.788744307360299,0.637089371130555,GATA1,COC(=O)c1sccc1S(=O)(=O)Nc1ccc(Nc2ccccc2)cc1OC
"88",CPC016_A549_6H:BRD-K04146668-001-01-3:10,P15976,0.8526171,-0.16782296,0.485434434900811,0.788744307360299,0.637089371130555,GATA1,Cn1cc(C=C2C(=O)Nc3cccnc23)c4ccccc14
"89",CPC016_A549_6H:BRD-K10042277-001-04-3:10,P15976,0.858521,-0.1266832,0.485434434900811,0.788744307360299,0.637089371130555,GATA1,Clc1ccc2Nc3ccccc3C(=Nc2c1)N1CCNCC1
"90",CPC016_A549_6H:BRD-K22010301-001-01-2:10,P15976,0.8992748,-0.14175555,0.485434434900811,0.788744307360299,0.637089371130555,GATA1,COc1oc(=O)c2cc(N)ccc2c1Cl
"91",CPC016_A549_6H:BRD-K49671696-045-03-6:10,P15976,0.8638759,-0.1277996,0.485434434900811,0.788744307360299,0.637089371130555,GATA1,Fc1ccc(cc1)C(=O)C1CCN(CCn2c(=O)[nH]c3ccccc3c2=O)CC1
"92",CPC016_A549_6H:BRD-K90789829-003-03-3:10,P15976,0.7900313,-0.12224504,0.485434434900811,0.788744307360299,0.637089371130555,GATA1,CCc1nn(CCCN2CCN(CC2)c2cccc(Cl)c2)c(=O)n1CCOc1ccccc1
"93",CPC017_A549_6H:BRD-A71262238-001-04-3:10,P15976,0.848646,-0.113420784,0.485434434900811,0.788744307360299,0.637089371130555,GATA1,CCCCN1CCCC1CNC(=O)c1cc(C#N)c2ccccc2c1OC
"94",CPC017_A549_6H:BRD-K11911061-003-02-8:10,P15976,0.8276519,-0.17078969,0.485434434900811,0.788744307360299,0.637089371130555,GATA1,COc1ccc(NC(=O)c2ccc(cc2)-c2ccc(cc2C)-c2noc(C)n2)cc1N1CCN(C)CC1
"95",CPC017_A549_6H:BRD-K17896185-001-01-2:10,P15976,0.8329367,-0.122954756,0.485434434900811,0.788744307360299,0.637089371130555,GATA1,CCC(=O)N(C1CCN(CCc2ccc(cc2)N=C=S)CC1)c1ccccc1
"96",CPC017_A549_6H:BRD-K53857191-001-05-2:10,P15976,0.8239698,-0.108237,0.485434434900811,0.788744307360299,0.637089371130555,GATA1,Cc1nc2CCCCn2c(=O)c1CCN1CCC(CC1)c1noc2cc(F)ccc12
"97",CPC013_A549_6H:BRD-K56334280-001-01-0:10,Q00978,0.7746786,-0.11260995,0.409751427879289,0.801995420509343,0.605873424194316,IRF9,CN(C)CCN1C(=O)c2cccc3cc(N)cc(C1=O)c23
"98",CPC014_A549_6H:BRD-K01253243-001-01-4:10,Q00978,0.06210597,0.11308463,0.409751427879289,0.801995420509343,0.605873424194316,IRF9,CN(C)CCOc1ccc(cc1)-c1nc(c([nH]1)-c1ccc2c(CC\C2=N\O)c1)-c1ccncc1
"99",CPC014_A549_6H:BRD-K01436366-001-02-4:10,Q00978,0.06780478,0.1276797,0.409751427879289,0.801995420509343,0.605873424194316,IRF9,COc1cc(ccc1Nc1ncc2N(C)C(=O)c3ccccc3N(C)c2n1)C(=O)N1CCC(CC1)N1CCN(C)CC1
"100",CPC014_A549_6H:BRD-K13514097-001-01-2:10,Q00978,0.02577308,0.11074102,0.409751427879289,0.801995420509343,0.605873424194316,IRF9,CO[C@@H]1C[C@H](C[C@@H](C)[C@@H]2CC(=O)[C@H](C)\C=C(C)\[C@@H](O)[C@@H](OC)C(=O)[C@H](C)C[C@H](C)\C=C\C=C\C=C(C)\[C@H](C[C@@H]3CC[C@@H](C)[C@@](O)(O3)C(=O)C(=O)N3CCCC[C@H]3C(=O)O2)OC)CC[C@H]1OCCO
"101",CPC014_A549_6H:BRD-K14880289-001-01-4:10,Q00978,0.07119915,0.10032463,0.409751427879289,0.801995420509343,0.605873424194316,IRF9,Cc1nc(sc1CSc1ccc(OCC(O)=O)c(C)c1)-c1ccc(cc1)C(F)(F)F
"102",CPC014_A549_6H:BRD-K99616396-001-01-0:10,Q00978,0.07482102,0.12630814,0.409751427879289,0.801995420509343,0.605873424194316,IRF9,CC1(C)CNc2cc(NC(=O)c3cccnc3NCc3ccncc3)ccc12
"103",CPC016_A549_6H:BRD-A64227845-004-02-8:10,Q00978,0.02826468,0.113377556,0.409751427879289,0.801995420509343,0.605873424194316,IRF9,Oc1cc2CCN(CC=C)CC(c3ccccc3)c2cc1O
"104",CPC016_A549_6H:BRD-A80641450-001-01-4:10,Q00978,0.04823851,0.10818304,0.409751427879289,0.801995420509343,0.605873424194316,IRF9,CC(C)CC(NC(=O)N1CCCCCC1)C(=O)NC(Cc2cn(C)c3ccccc23)C(=O)NC(Cc4ccccn4)C(=O)O
"105",CPC016_A549_6H:BRD-A82590476-001-01-1:10,Q00978,0.05734843,0.111985356,0.409751427879289,0.801995420509343,0.605873424194316,IRF9,CN(Cc1ccccc1)C(=O)C(Cc2ccc3ccccc3c2)NC(=O)C4CCCN4C(=O)Nc5ccccc5[N+](=O)[O-]
"106",CPC016_A549_6H:BRD-K04111260-001-05-0:10,Q00978,0.04005165,0.11035678,0.409751427879289,0.801995420509343,0.605873424194316,IRF9,CCN1CCC[C@H]1CNC(=O)c1c(O)c(Cl)cc(Cl)c1OC
"107",CPC016_A549_6H:BRD-K05528470-305-01-4:10,Q00978,0.07926147,0.11656746,0.409751427879289,0.801995420509343,0.605873424194316,IRF9,Clc1ccc(cc1)N1CCN(Cc2c[nH]c3ncccc23)CC1
"108",CPC016_A549_6H:BRD-K22010301-001-01-2:10,Q00978,0.03804309,0.11591907,0.409751427879289,0.801995420509343,0.605873424194316,IRF9,COc1oc(=O)c2cc(N)ccc2c1Cl
"109",CPC016_A549_6H:BRD-K28453807-003-05-4:10,Q00978,0.02059572,0.114850745,0.409751427879289,0.801995420509343,0.605873424194316,IRF9,CCN(CC)CCOC(=O)C1(CCCC1)c1ccc(cc1)[N+]([O-])=O
"110",CPC016_A549_6H:BRD-K37312348-001-06-9:10,Q00978,0.02871349,0.105593726,0.409751427879289,0.801995420509343,0.605873424194316,IRF9,Brc1ccc2[nH]c-3c(CC(=O)Nc4ccccc-34)c2c1
"111",CPC016_A549_6H:BRD-K37618799-001-01-4:10,Q00978,0.05318506,0.13376817,0.409751427879289,0.801995420509343,0.605873424194316,IRF9,Clc1ccc2nc(NC(=O)Cc3ccccc3)n3nc(nc3c2c1)-c1ccco1
"112",CPC016_A549_6H:BRD-K49671696-045-03-6:10,Q00978,0.01583991,0.12296233,0.409751427879289,0.801995420509343,0.605873424194316,IRF9,Fc1ccc(cc1)C(=O)C1CCN(CCn2c(=O)[nH]c3ccccc3c2=O)CC1
"113",CPC016_A549_6H:BRD-K54094468-003-05-3:10,Q00978,0.0228126,0.13539016,0.409751427879289,0.801995420509343,0.605873424194316,IRF9,CCN1CCC[C@H]1CNC(=O)c1c(OC)ccc(Br)c1OC
"114",CPC016_A549_6H:BRD-K76775527-001-15-3:10,Q00978,0.0289387,0.13152596,0.409751427879289,0.801995420509343,0.605873424194316,IRF9,CS(=O)(=O)Nc1ccc(cc1Oc1ccccc1)[N+]([O-])=O
"115",CPC016_A549_6H:BRD-K79684402-300-01-0:10,Q00978,0.04812376,0.1120473,0.409751427879289,0.801995420509343,0.605873424194316,IRF9,Cc1ncc(CN2CCC(=CC2)c2ccccc2)c(N)n1
"116",CPC016_A549_6H:BRD-K83637872-001-01-7:10,Q00978,0.02281171,0.118038066,0.409751427879289,0.801995420509343,0.605873424194316,IRF9,Cc1nn(c(C)c1C=NN2CCN(Cc3ccccc3)CC2)c4ccccc4
"117",CPC016_A549_6H:BRD-K86727142-001-06-6:10,Q00978,0.03778134,0.10320018,0.409751427879289,0.801995420509343,0.605873424194316,IRF9,CCCCCCCCCCCC1C(=O)C(=O)CC(=O)C1=O
"118",CPC016_A549_6H:BRD-K87048468-003-01-9:10,Q00978,0.01622508,0.1227039,0.409751427879289,0.801995420509343,0.605873424194316,IRF9,COc1cc(OC)c(cc1NS(=O)(=O)c1ccc(cc1)C(F)(F)F)C(=O)CCCCN1CCC2(CC1)NC(=O)NC2=O
"119",CPC016_A549_6H:BRD-K87510569-001-01-0:10,Q00978,0.07258925,0.10239431,0.409751427879289,0.801995420509343,0.605873424194316,IRF9,Cc1oc(nc1CCN1CCC2(CC1)OC(=O)Nc1ccc(C)cc21)-c1ccccc1
"120",CPC016_A549_6H:BRD-M00539986-051-01-1:10,Q00978,0.03040542,0.12508298,0.409751427879289,0.801995420509343,0.605873424194316,IRF9,COc1ccc(C[C@H](C)NC[C@@H](O)c2ccc(O)c(NC=O)c2)cc1
"121",CPC017_A549_6H:BRD-A39747742-001-03-5:10,Q00978,0.1259943,0.101667166,0.409751427879289,0.801995420509343,0.605873424194316,IRF9,CCCCC(=O)O[C@H]1CCC2C3CCc4cc(O)ccc4C3CC[C@]12C
"122",CPC017_A549_6H:BRD-A43930669-003-01-0:10,Q00978,0.04135708,0.1250612,0.409751427879289,0.801995420509343,0.605873424194316,IRF9,Cc1ccccc1N1CCN(CC1)S(=O)(=O)CC12CCC(C[C@@H]1NC(=O)[C@@H](N)CCS(C)(=O)=O)C2(C)C
"123",CPC017_A549_6H:BRD-A47633927-001-01-8:10,Q00978,0.05126542,0.1292009,0.409751427879289,0.801995420509343,0.605873424194316,IRF9,CC(C)CC(NC(=O)OCC1c2ccccc2-c3ccccc13)C(=O)O
"124",CPC017_A549_6H:BRD-A54927599-001-07-8:10,Q00978,0.07292612,0.119566515,0.409751427879289,0.801995420509343,0.605873424194316,IRF9,COc1ccc(C2CC(=NCCS2)c2c(O)cc(C)oc2=O)c(OC)c1
"125",CPC017_A549_6H:BRD-K07691486-001-04-9:10,Q00978,0.03199688,0.10490699,0.409751427879289,0.801995420509343,0.605873424194316,IRF9,CC[C@H](CO)Nc1nc(NCc2ccccc2)c2ncn(C(C)C)c2n1
"126",CPC017_A549_6H:BRD-K09635314-001-01-8:10,Q00978,0.03006657,0.1067189,0.409751427879289,0.801995420509343,0.605873424194316,IRF9,Cc1cc(C)c(c(C)c1)S(=O)(=O)Nc1cccc(c1)C(F)(F)F
"127",CPC017_A549_6H:BRD-K09638361-001-01-4:10,Q00978,0.026012,0.1368379,0.409751427879289,0.801995420509343,0.605873424194316,IRF9,COc1cc(OC)c(/C=C\2/C(=O)Nc3ccccc23)c(OC)c1
"128",CPC017_A549_6H:BRD-K10177585-003-01-6:10,Q00978,0.05243154,0.13296768,0.409751427879289,0.801995420509343,0.605873424194316,IRF9,CC[C@@H]1CN2C(=N1)c1[nH]c(nc1N(C)C2=O)-c1ccccc1
"129",CPC017_A549_6H:BRD-K12120659-305-01-4:10,Q00978,0.05782733,0.11894922,0.409751427879289,0.801995420509343,0.605873424194316,IRF9,NC(=N)c1ccc(cc1)N1CCN(CC1)C1CCN(CC(O)=O)CC1
"130",CPC017_A549_6H:BRD-K13646352-001-01-2:10,Q00978,0.0237802,0.13748181,0.409751427879289,0.801995420509343,0.605873424194316,IRF9,CO[C@@H]1[C@@H](C[C@H]2O[C@]1(C)n1c3ccccc3c3c4CNC(=O)c4c4c5ccccc5n2c4c13)N(C)C(=O)c1ccccc1
"131",CPC017_A549_6H:BRD-K15086322-103-01-0:10,Q00978,0.1023342,0.10258773,0.409751427879289,0.801995420509343,0.605873424194316,IRF9,CN1CCN(CC1)C(=O)c1nc2ccc(Cl)cc2[nH]1
"132",CPC017_A549_6H:BRD-K15791587-003-01-7:10,Q00978,0.01714697,0.13094114,0.409751427879289,0.801995420509343,0.605873424194316,IRF9,FC(F)(F)c1cc(CO[C@H]2CCCN[C@H]2c2ccccc2)cc(c1)C(F)(F)F
"133",CPC017_A549_6H:BRD-K23383398-001-01-6:10,Q00978,0.06538963,0.108862445,0.409751427879289,0.801995420509343,0.605873424194316,IRF9,OC(c1ccc(cc1)N(CC(F)(F)F)S(=O)(=O)c1ccccc1)(C(F)(F)F)C(F)(F)F
"134",CPC017_A549_6H:BRD-K24201553-003-02-4:10,Q00978,0.04862016,0.14158979,0.409751427879289,0.801995420509343,0.605873424194316,IRF9,CC1CCN(CC[C@H]2CCCN2S(=O)(=O)c2cccc(O)c2)CC1
"135",CPC017_A549_6H:BRD-K26521938-001-04-9:10,Q00978,0.03490956,0.13618347,0.409751427879289,0.801995420509343,0.605873424194316,IRF9,CCCCC[C@H](O)\C=C\[C@H]1[C@H](O)CC(=O)[C@@H]1C\C=C/CCCC(O)=O
"136",CPC017_A549_6H:BRD-K35559145-050-03-6:10,Q00978,0.04002884,0.106339246,0.409751427879289,0.801995420509343,0.605873424194316,IRF9,COc1ccc2Sc3ccccc3N(C[C@H](C)CN(C)C)c2c1
"137",CPC017_A549_6H:BRD-K43330982-001-01-5:10,Q00978,0.0845128,0.11127721,0.409751427879289,0.801995420509343,0.605873424194316,IRF9,CC(C)c1cc(NNC(=O)Nc2cc(Cl)nc(Cl)c2)nc2n(C)nc(C)c12
"138",CPC017_A549_6H:BRD-K50018155-003-01-3:10,Q00978,0.05336704,0.11475739,0.409751427879289,0.801995420509343,0.605873424194316,IRF9,COc1cc(N)c(Cl)cc1C(=O)CCC1CCN(CCNS(C)(=O)=O)CC1
"139",CPC017_A549_6H:BRD-K60184833-001-03-1:10,Q00978,0.03969977,0.108806565,0.409751427879289,0.801995420509343,0.605873424194316,IRF9,NC(=O)C(=C\c1ccc(O)c(O)c1)\C#N
"140",CPC017_A549_6H:BRD-K60298136-001-01-7:10,Q00978,0.07838724,0.12750372,0.409751427879289,0.801995420509343,0.605873424194316,IRF9,COC(=O)c1csc(n1)C(=O)c2c[nH]c3ccccc23
"141",CPC017_A549_6H:BRD-K61097567-001-03-6:10,Q00978,0.04547458,0.1110042,0.409751427879289,0.801995420509343,0.605873424194316,IRF9,COC(=O)[C@H](NC(=O)c1cc(nc2ccccc12)-c1ccccc1)c1ccccc1
"142",CPC017_A549_6H:BRD-K62310379-001-03-0:10,Q00978,0.04180115,0.112446606,0.409751427879289,0.801995420509343,0.605873424194316,IRF9,CCC(=O)O[C@@]1([C@H](C)C[C@H]2[C@@H]3C[C@H](F)C4=CC(=O)C=C[C@]4(C)[C@@]3(F)[C@@H](O)C[C@]12C)C(=O)SCF
"143",CPC017_A549_6H:BRD-K66782112-001-01-2:10,Q00978,0.03379239,0.12982747,0.409751427879289,0.801995420509343,0.605873424194316,IRF9,NC(=O)CCCCn1ccc(N=C(N)NCC(F)(F)F)n1
"144",CPC017_A549_6H:BRD-K67013324-001-01-5:10,Q00978,0.03997888,0.13357855,0.409751427879289,0.801995420509343,0.605873424194316,IRF9,CC(=O)NCCc1c(Cc2ccccc2)[nH]c2ccccc12
"145",CPC017_A549_6H:BRD-K67298865-001-03-3:10,Q00978,0.03640387,0.14091332,0.409751427879289,0.801995420509343,0.605873424194316,IRF9,NC(=O)c1ccc(cc1)-c1nc(c([nH]1)-c1ccccn1)-c1ccc2OCOc2c1
"146",CPC017_A549_6H:BRD-K73397362-001-01-7:10,Q00978,0.05929553,0.1009502,0.409751427879289,0.801995420509343,0.605873424194316,IRF9,C1CCC(CC1)n1cnc2c(Nc3ccc(cc3)N3CCOCC3)nc(Oc3cccc4ccccc34)nc12
"147",CPC017_A549_6H:BRD-K76840893-003-01-7:10,Q00978,0.04900215,0.12568238,0.409751427879289,0.801995420509343,0.605873424194316,IRF9,CC(C)(Cc1c[nH]c2ccc(Cl)cc12)NCCOc1ccccc1OCC1CC1
"148",CPC017_A549_6H:BRD-K82823804-001-01-7:10,Q00978,0.05758054,0.10040052,0.409751427879289,0.801995420509343,0.605873424194316,IRF9,Oc1ccc2[nH]c3cc(c4C(=O)NC(=O)c4c3c2c1)-c1ccccc1
"149",CPC017_A549_6H:BRD-K94176593-001-02-9:10,Q00978,0.03490166,0.10535103,0.409751427879289,0.801995420509343,0.605873424194316,IRF9,Nc1cccc(c1)-c1cc2c(Oc3cccc(O)c3)ncnc2[nH]1
"150",CPC018_A549_6H:BRD-K06753942-001-06-1:10,Q00978,0.8482864,-0.13917804,0.409751427879289,0.801995420509343,0.605873424194316,IRF9,COc1ccc(cc1OC)-c1cc(=O)c2c(OC)c(OC)c(OC)c(OC)c2o1
"151",CPC013_A549_6H:BRD-K79090631-001-15-7:10,P01106,0.2009046,0.10274768,0.423101275631863,0.814186473427713,0.618643874529788,MYC,OCCCNc1cc(ccn1)c2ccnc(Nc3cccc(Cl)c3)n2
"152",CPC014_A549_6H:BRD-K13514097-001-01-2:10,P01106,0.09202743,0.12879413,0.423101275631863,0.814186473427713,0.618643874529788,MYC,CO[C@@H]1C[C@H](C[C@@H](C)[C@@H]2CC(=O)[C@H](C)\C=C(C)\[C@@H](O)[C@@H](OC)C(=O)[C@H](C)C[C@H](C)\C=C\C=C\C=C(C)\[C@H](C[C@@H]3CC[C@@H](C)[C@@](O)(O3)C(=O)C(=O)N3CCCC[C@H]3C(=O)O2)OC)CC[C@H]1OCCO
"153",CPC014_A549_6H:BRD-K16485616-001-03-0:10,P01106,0.1968764,0.15225405,0.423101275631863,0.814186473427713,0.618643874529788,MYC,Nc1ccccc1NC(=O)c1ccc(CNc2nccc(n2)-c2cccnc2)cc1
"154",CPC014_A549_6H:BRD-K23192422-001-01-1:10,P01106,0.1014286,0.16796756,0.423101275631863,0.814186473427713,0.618643874529788,MYC,C[C@]12O[C@H](C[C@]1(O)CO)n1c3ccccc3c3c4C(=O)NCc4c4c5ccccc5n2c4c13
"155",CPC016_A549_6H:BRD-K04146668-001-01-3:10,P01106,0.1927941,0.12488103,0.423101275631863,0.814186473427713,0.618643874529788,MYC,Cn1cc(C=C2C(=O)Nc3cccnc23)c4ccccc14
"156",CPC013_A549_6H:BRD-K31553034-001-01-4:10,Q13127,0.1633759,0.10615641,0.427260830272086,0.826627776882676,0.626944303577381,REST,COc1nc(C)cnc1NS(=O)(=O)c1cccnc1-c1ccc(cc1)-c1nnco1
"157",CPC014_A549_6H:BRD-K23192422-001-01-1:10,Q13127,0.1332364,0.103366315,0.427260830272086,0.826627776882676,0.626944303577381,REST,C[C@]12O[C@H](C[C@]1(O)CO)n1c3ccccc3c3c4C(=O)NCc4c4c5ccccc5n2c4c13
"158",CPC016_A549_6H:BRD-K67831364-003-01-7:10,Q13127,0.7979982,-0.13585702,0.427260830272086,0.826627776882676,0.626944303577381,REST,Cc1cc(F)c(Nc2ncnc3cc(OCc4ccccc4)ccc23)cc1O
"159",CPC016_A549_6H:BRD-K84175871-003-02-2:10,Q13127,0.8090613,-0.12973553,0.427260830272086,0.826627776882676,0.626944303577381,REST,CN[C@@H](C)[C@@H](O)c1ccccc1
"160",CPC017_A549_6H:BRD-A03359064-001-01-5:10,Q13127,0.8182817,-0.14672062,0.427260830272086,0.826627776882676,0.626944303577381,REST,OC(CNCCNC(=O)Nc1ccccc1)COc1ccccc1C#N
"161",CPC017_A549_6H:BRD-A24429032-003-01-6:10,Q13127,0.7713408,-0.1319404,0.427260830272086,0.826627776882676,0.626944303577381,REST,Oc1ccc(CCNCC2CCc3ccccc3C2=O)cc1
"162",CPC017_A549_6H:BRD-K04414442-001-03-4:10,Q13127,0.7778029,-0.1434347,0.427260830272086,0.826627776882676,0.626944303577381,REST,CC[C@H](NC(=O)c1c(C)c(nc2ccccc12)-c1ccccc1)c1ccccc1
"163",CPC017_A549_6H:BRD-K05151076-001-01-8:10,Q13127,0.8647792,-0.1342994,0.427260830272086,0.826627776882676,0.626944303577381,REST,CCCCCS(=O)(=O)CCCCCCCCCCn1c(c(C)c2cc(O)ccc12)-c1ccc(O)cc1
"164",CPC017_A549_6H:BRD-K10177585-003-01-6:10,Q13127,0.8452873,-0.14622504,0.427260830272086,0.826627776882676,0.626944303577381,REST,CC[C@@H]1CN2C(=N1)c1[nH]c(nc1N(C)C2=O)-c1ccccc1
"165",CPC017_A549_6H:BRD-K11373525-003-01-3:10,Q13127,0.7681326,-0.15124679,0.427260830272086,0.826627776882676,0.626944303577381,REST,CCc1cc2N(Cc3ccc(cc3)-c3ccccc3-c3nnn[nH]3)C(=O)CCc2c(CC)n1
"166",CPC017_A549_6H:BRD-K35559145-050-03-6:10,Q13127,0.778662,-0.12952852,0.427260830272086,0.826627776882676,0.626944303577381,REST,COc1ccc2Sc3ccccc3N(C[C@H](C)CN(C)C)c2c1
"167",CPC017_A549_6H:BRD-K53857191-001-05-2:10,Q13127,0.8218216,-0.11987272,0.427260830272086,0.826627776882676,0.626944303577381,REST,Cc1nc2CCCCn2c(=O)c1CCN1CCC(CC1)c1noc2cc(F)ccc12
"168",CPC017_A549_6H:BRD-K54708045-001-01-3:10,Q13127,0.8585086,-0.1644338,0.427260830272086,0.826627776882676,0.626944303577381,REST,OC(=O)c1n(Cc2ccc(Cl)cc2)c2ccc(Cl)cc2c1Sc1ccccc1
"169",CPC017_A549_6H:BRD-K67277431-002-03-0:10,Q13127,0.7838466,-0.14523596,0.427260830272086,0.826627776882676,0.626944303577381,REST,COc1ccc(cc1C(=O)NCc1cccnc1)C(=O)NCc1cccnc1
"170",CPC017_A549_6H:BRD-K76568384-001-01-4:10,Q13127,0.8702481,-0.14932421,0.427260830272086,0.826627776882676,0.626944303577381,REST,Oc1ccc(cc1)-c1c(nn2c(cc(nc12)C(F)(F)F)C(F)(F)F)-c1ccccc1
"171",CPC017_A549_6H:BRD-K81225797-001-01-5:10,Q13127,0.842014,-0.17413491,0.427260830272086,0.826627776882676,0.626944303577381,REST,Nc1nc2n(CCc3ccccc3)ncc2c2nc(nn12)-c1ccco1
"172",HOG002_A549_6H:BRD-K20755323-001-02-6:10,Q13127,0.8124397,-0.1221551,0.427260830272086,0.826627776882676,0.626944303577381,REST,Oc1ccc(Nc2nc(cs2)-c2ccc(Cl)cc2)cc1
"173",CPC013_A549_6H:BRD-K79090631-001-15-7:10,Q13485,0.1579647,0.11751521,0.51564945711362,0.722352011765737,0.619000734439679,SMAD4,OCCCNc1cc(ccn1)c2ccnc(Nc3cccc(Cl)c3)n2
"174",CPC010_A549_6H:BRD-K18816859-002-04-6:10,P17947,0.009649297,0.101441905,0.467623283001842,0.802447838878157,0.63503556094,SPI1,CS(=O)(=O)Nc1ccc(Cc2noc(n2)-c2ccc3[nH]cc(CCN)c3c2)cc1
"175",CPC014_A549_6H:BRD-K16485616-001-03-0:10,P17947,0.8596403,-0.17193925,0.467623283001842,0.802447838878157,0.63503556094,SPI1,Nc1ccccc1NC(=O)c1ccc(CNc2nccc(n2)-c2cccnc2)cc1
"176",CPC014_A549_6H:BRD-K41170226-001-05-4:10,P17947,0.7899254,-0.12708393,0.467623283001842,0.802447838878157,0.63503556094,SPI1,C[C@H](CCC(O)=O)[C@H]1CC[C@H]2[C@@H]3CC[C@@H]4C[C@H](O)CC[C@]4(C)[C@H]3C[C@H](O)[C@]12C
"177",CPC014_A549_6H:BRD-K73293050-001-01-5:10,P17947,0.8099985,-0.13924439,0.467623283001842,0.802447838878157,0.63503556094,SPI1,CN1CCN(CC1)c1ccc(Nc2ncc(Cl)c(Oc3cccc(NC(=O)C=C)c3)n2)cc1
"178",CPC014_A549_6H:BRD-K83794624-001-01-7:10,P17947,0.7807156,-0.17188726,0.467623283001842,0.802447838878157,0.63503556094,SPI1,COc1cccc2C(=O)c3c(O)c4C[C@](O)(C[C@H](O[C@H]5C[C@H](N)[C@H](O[C@@H]6CCCCO6)[C@H](C)O5)c4c(O)c3C(=O)c12)C(=O)CO
"179",CPC016_A549_6H:BRD-K47598052-001-06-7:10,P17947,0.1367596,0.105960205,0.467623283001842,0.802447838878157,0.63503556094,SPI1,Cc1ccc(cc1)-c1nn(c2ncnc(N)c12)C(C)(C)C
"180",CPC017_A549_6H:BRD-K53857191-001-05-2:10,P17947,0.77594,-0.11720942,0.467623283001842,0.802447838878157,0.63503556094,SPI1,Cc1nc2CCCCn2c(=O)c1CCN1CCC(CC1)c1noc2cc(F)ccc12
"181",CPC017_A549_6H:BRD-K11911061-003-02-8:10,P52630,0.06525946,0.10271761,0.454162941590387,0.758742890758146,0.606452916174266,STAT2,COc1ccc(NC(=O)c2ccc(cc2)-c2ccc(cc2C)-c2noc(C)n2)cc1N1CCN(C)CC1
