model,cell,TF,r
Ensembles,A375,O00327,0.500745532686285
Ensembles,A375,O00716,0.351101616693419
Ensembles,A375,O14593,0.0774142352364433
Ensembles,A375,O43524,0.468227000630057
Ensembles,A375,O75030,0.298991829069466
Ensembles,A375,P01100,0.192005096208512
Ensembles,A375,P01106,0.499110715513904
Ensembles,A375,P03372,0.135043332706264
Ensembles,A375,P04150,0.0691745448316226
Ensembles,A375,P04637,0.264021093252828
Ensembles,A375,P05412,0.246390331826745
Ensembles,A375,P05549,0.1357170920171
Ensembles,A375,P06401,0.065216145299287
Ensembles,A375,P08047,0.409109100348975
Ensembles,A375,P08651,0.455268418729743
Ensembles,A375,P10070,0.341864905896501
Ensembles,A375,P10242,-0.153609013889543
Ensembles,A375,P10275,0.554838036985908
Ensembles,A375,P10276,0.278180456474344
Ensembles,A375,P10914,0.435325263284184
Ensembles,A375,P11308,0.230913040694416
Ensembles,A375,P11473,0.242031644677842
Ensembles,A375,P11831,0.621356379193897
Ensembles,A375,P14859,0.512616354460626
Ensembles,A375,P14921,0.250940273703882
Ensembles,A375,P15036,0.365293265206187
Ensembles,A375,P15336,0.387998526181534
Ensembles,A375,P15407,0.141580691683521
Ensembles,A375,P15923,0.43209216641078
Ensembles,A375,P15976,0.252656947657236
Ensembles,A375,P16220,0.312533224617347
Ensembles,A375,P17535,0.101011802065126
Ensembles,A375,P17542,0.271581015946097
Ensembles,A375,P17676,0.583829123202876
Ensembles,A375,P17947,0.662171209064333
Ensembles,A375,P18146,0.334847561160725
Ensembles,A375,P18846,0.70641330703007
Ensembles,A375,P18848,0.33430882396304
Ensembles,A375,P18850,0.239045389537469
Ensembles,A375,P19419,0.499059868576794
Ensembles,A375,P19544,0.201675588248154
Ensembles,A375,P19793,6.24616890900816e-05
Ensembles,A375,P19838,0.525448084204542
Ensembles,A375,P22415,0.337812129144187
Ensembles,A375,P23511,0.118134530354531
Ensembles,A375,P23769,0.502399683988447
Ensembles,A375,P23771,0.598629081009664
Ensembles,A375,P25490,0.21270117661369
Ensembles,A375,P26367,0.672812223483411
Ensembles,A375,P36956,0.0429535187291132
Ensembles,A375,P37231,0.252193956880932
Ensembles,A375,P37275,0.431581780302622
Ensembles,A375,P40763,0.411201396284122
Ensembles,A375,P41235,0.28259578446767
Ensembles,A375,P42224,0.471014611999239
Ensembles,A375,P42226,0.155469653682398
Ensembles,A375,P42229,0.107615285092996
Ensembles,A375,P48382,0.0252354050843041
Ensembles,A375,P48431,0.481542647250729
Ensembles,A375,P48436,0.203104461825516
Ensembles,A375,P49715,0.222731587554556
Ensembles,A375,P49716,0.0785822280357898
Ensembles,A375,P51692,0.210824486057651
Ensembles,A375,P52630,0.594641538935245
Ensembles,A375,P55317,0.607726957121515
Ensembles,A375,P56693,0.150075719360643
Ensembles,A375,P58012,0.517967853103369
Ensembles,A375,P84022,0.231436242282489
Ensembles,A375,P98177,0.178967440424908
Ensembles,A375,Q00613,0.164896380809108
Ensembles,A375,Q00653,0.187326238305134
Ensembles,A375,Q00978,0.448753860924897
Ensembles,A375,Q01094,0.579011344404488
Ensembles,A375,Q01196,0.240834903314031
Ensembles,A375,Q01201,0.313395668223381
Ensembles,A375,Q01543,0.553279442171183
Ensembles,A375,Q02447,0.442451069424637
Ensembles,A375,Q04206,0.362508007771028
Ensembles,A375,Q04864,0.138520146117192
Ensembles,A375,Q06710,0.568966432759471
Ensembles,A375,Q07869,0.0900168142761761
Ensembles,A375,Q08050,0.626366032604451
Ensembles,A375,Q12772,0.126068969587689
Ensembles,A375,Q12778,0.688758900380317
Ensembles,A375,Q13127,0.623899785280832
Ensembles,A375,Q13469,0.593347433491844
Ensembles,A375,Q13485,0.484798308125843
Ensembles,A375,Q13761,0.362095718258599
Ensembles,A375,Q14186,0.56737618839023
Ensembles,A375,Q14209,0.369298315065905
Ensembles,A375,Q14765,0.473608334821413
Ensembles,A375,Q15672,0.379310353935672
Ensembles,A375,Q16236,0.543813904150971
Ensembles,A375,Q16665,0.395613573689316
Ensembles,A375,Q92731,0.256824104391478
Ensembles,A375,Q99626,0.20400418409077
Ensembles,A375,Q99814,0.510661421938855
Ensembles,A375,Q9H3D4,0.0553139232416702
Ensembles,A375,Q9NQB0,0.48355662266758
Ensembles,A375,Q9UJU2,0.481633879228455
Ensembles,A375,Q9Y261,0.687376040641863
Ensembles,HA1E,O00327,0.428657146590705
Ensembles,HA1E,O00716,0.73764605225285
Ensembles,HA1E,O14593,0.680305314893047
Ensembles,HA1E,O43524,0.311103272836617
Ensembles,HA1E,O75030,0.557420009006497
Ensembles,HA1E,P01100,0.587786741806716
Ensembles,HA1E,P01106,0.380686338658049
Ensembles,HA1E,P03372,0.244392397162609
Ensembles,HA1E,P04150,0.354754738970168
Ensembles,HA1E,P04637,0.0864885588502422
Ensembles,HA1E,P05412,0.36808223719374
Ensembles,HA1E,P05549,0.325816748633887
Ensembles,HA1E,P06401,0.0945196170473926
Ensembles,HA1E,P08047,0.549469726305004
Ensembles,HA1E,P08651,-0.0955922696418368
Ensembles,HA1E,P10070,0.609756741103616
Ensembles,HA1E,P10242,0.290520106138688
Ensembles,HA1E,P10275,0.462727383998201
Ensembles,HA1E,P10276,0.256743095580556
Ensembles,HA1E,P10914,0.500499917962258
Ensembles,HA1E,P11308,0.327829880923259
Ensembles,HA1E,P11473,0.287331860981972
Ensembles,HA1E,P11831,0.0520874196918378
Ensembles,HA1E,P14859,0.562592168630852
Ensembles,HA1E,P14921,0.390180030883365
Ensembles,HA1E,P15036,0.171534797498951
Ensembles,HA1E,P15336,0.156746719408279
Ensembles,HA1E,P15407,0.649806228360665
Ensembles,HA1E,P15923,-0.0151405962084895
Ensembles,HA1E,P15976,0.512179154161748
Ensembles,HA1E,P16220,0.163676445366788
Ensembles,HA1E,P17535,0.625048632811514
Ensembles,HA1E,P17542,0.169542353827074
Ensembles,HA1E,P17676,0.223524927495843
Ensembles,HA1E,P17947,0.471113502239703
Ensembles,HA1E,P18146,0.285192377868101
Ensembles,HA1E,P18846,0.0183238881682342
Ensembles,HA1E,P18848,0.370642984401087
Ensembles,HA1E,P18850,-0.117540599781451
Ensembles,HA1E,P19419,0.726119234788443
Ensembles,HA1E,P19544,0.0481131542041019
Ensembles,HA1E,P19793,0.152100211157127
Ensembles,HA1E,P19838,0.368189749998453
Ensembles,HA1E,P22415,0.285453263707079
Ensembles,HA1E,P23511,-0.112716794316054
Ensembles,HA1E,P23769,0.293347286065063
Ensembles,HA1E,P23771,0.304270111575085
Ensembles,HA1E,P25490,0.268527887597416
Ensembles,HA1E,P26367,0.600523569498341
Ensembles,HA1E,P36956,0.436375846720344
Ensembles,HA1E,P37231,0.490856795729533
Ensembles,HA1E,P37275,0.115848419389129
Ensembles,HA1E,P40763,0.413008324275783
Ensembles,HA1E,P41235,0.0675327266226082
Ensembles,HA1E,P42224,0.552952156320772
Ensembles,HA1E,P42226,0.108538741489868
Ensembles,HA1E,P42229,0.265274808085646
Ensembles,HA1E,P48382,0.702074810754858
Ensembles,HA1E,P48431,0.508725447018936
Ensembles,HA1E,P48436,0.554174223928402
Ensembles,HA1E,P49715,0.154293736829439
Ensembles,HA1E,P49716,-0.117847636364007
Ensembles,HA1E,P51692,0.131194920915482
Ensembles,HA1E,P52630,0.588737889117285
Ensembles,HA1E,P55317,0.0330699593479608
Ensembles,HA1E,P56693,0.0509456123792235
Ensembles,HA1E,P58012,0.210917503589176
Ensembles,HA1E,P84022,0.205145478595058
Ensembles,HA1E,P98177,0.538943077630295
Ensembles,HA1E,Q00613,0.47674834607761
Ensembles,HA1E,Q00653,0.413195633937727
Ensembles,HA1E,Q00978,0.658603794175267
Ensembles,HA1E,Q01094,0.588775424477121
Ensembles,HA1E,Q01196,0.422277988046072
Ensembles,HA1E,Q01201,0.584466860965557
Ensembles,HA1E,Q01543,0.490739267740539
Ensembles,HA1E,Q02447,0.132573407075595
Ensembles,HA1E,Q04206,0.595171423298263
Ensembles,HA1E,Q04864,0.421942645837443
Ensembles,HA1E,Q06710,0.456846009843354
Ensembles,HA1E,Q07869,0.5005629724425
Ensembles,HA1E,Q08050,0.593786746014404
Ensembles,HA1E,Q12772,-0.0070739517561399
Ensembles,HA1E,Q12778,0.546103631374473
Ensembles,HA1E,Q13127,0.63011821880634
Ensembles,HA1E,Q13469,0.376965602764022
Ensembles,HA1E,Q13485,0.449554016037678
Ensembles,HA1E,Q13761,0.092836975473543
Ensembles,HA1E,Q14186,0.330840886065773
Ensembles,HA1E,Q14209,0.527250567887494
Ensembles,HA1E,Q14765,0.2982893907286
Ensembles,HA1E,Q15672,0.432210860013651
Ensembles,HA1E,Q16236,0.456386504572518
Ensembles,HA1E,Q16665,0.134501991005498
Ensembles,HA1E,Q92731,0.417608183388837
Ensembles,HA1E,Q99626,-0.0637691664552818
Ensembles,HA1E,Q99814,0.677858478282713
Ensembles,HA1E,Q9H3D4,0.108828250233993
Ensembles,HA1E,Q9NQB0,0.472458426524678
Ensembles,HA1E,Q9UJU2,0.252960769356835
Ensembles,HA1E,Q9Y261,0.174173975387119
Ensembles,HCC515,O00327,0.454143729128736
Ensembles,HCC515,O00716,0.204183108037112
Ensembles,HCC515,O14593,0.578138915549625
Ensembles,HCC515,O43524,0.51755319959268
Ensembles,HCC515,O75030,0.217111023955727
Ensembles,HCC515,P01100,0.47645123914144
Ensembles,HCC515,P01106,0.266040537574539
Ensembles,HCC515,P03372,0.4172221093401
Ensembles,HCC515,P04150,0.546586571110698
Ensembles,HCC515,P04637,0.310993620899697
Ensembles,HCC515,P05412,0.104602235777832
Ensembles,HCC515,P05549,0.252382440676659
Ensembles,HCC515,P06401,-0.187425992164951
Ensembles,HCC515,P08047,0.597999612052536
Ensembles,HCC515,P08651,0.0318205702308009
Ensembles,HCC515,P10070,0.154886780923143
Ensembles,HCC515,P10242,0.374754620529633
Ensembles,HCC515,P10275,0.459629946352564
Ensembles,HCC515,P10276,0.19394232257649
Ensembles,HCC515,P10914,0.566190590975683
Ensembles,HCC515,P11308,0.304986561841836
Ensembles,HCC515,P11473,0.153573685271238
Ensembles,HCC515,P11831,0.373966541486667
Ensembles,HCC515,P14859,0.571155248896566
Ensembles,HCC515,P14921,0.182455950764693
Ensembles,HCC515,P15036,0.535049115189097
Ensembles,HCC515,P15336,0.593251019365865
Ensembles,HCC515,P15407,0.156284987741836
Ensembles,HCC515,P15923,0.279706857657202
Ensembles,HCC515,P15976,0.559623821929668
Ensembles,HCC515,P16220,0.488824981214288
Ensembles,HCC515,P17535,0.116926242107444
Ensembles,HCC515,P17542,0.321882409014233
Ensembles,HCC515,P17676,0.594951733776882
Ensembles,HCC515,P17947,0.421281709411181
Ensembles,HCC515,P18146,0.489271358348611
Ensembles,HCC515,P18846,0.1715306773593
Ensembles,HCC515,P18848,0.168292992406741
Ensembles,HCC515,P18850,0.432751532835382
Ensembles,HCC515,P19419,0.506682422256574
Ensembles,HCC515,P19544,0.212691068612513
Ensembles,HCC515,P19793,0.340345143727993
Ensembles,HCC515,P19838,0.515664468797415
Ensembles,HCC515,P22415,0.248309199543243
Ensembles,HCC515,P23511,0.30832773033968
Ensembles,HCC515,P23769,-0.227194785534574
Ensembles,HCC515,P23771,0.629366432935456
Ensembles,HCC515,P25490,0.44245587303476
Ensembles,HCC515,P26367,0.151979505723335
Ensembles,HCC515,P36956,0.387456748521479
Ensembles,HCC515,P37231,0.0941022725177218
Ensembles,HCC515,P37275,0.376469559714386
Ensembles,HCC515,P40763,0.166788607443041
Ensembles,HCC515,P41235,0.214978525297898
Ensembles,HCC515,P42224,0.274684872236102
Ensembles,HCC515,P42226,0.0401233532148174
Ensembles,HCC515,P42229,0.496073689660788
Ensembles,HCC515,P48382,0.50130056079494
Ensembles,HCC515,P48431,0.0284156567912384
Ensembles,HCC515,P48436,0.353699651700362
Ensembles,HCC515,P49715,0.387771656035579
Ensembles,HCC515,P49716,0.411186493336628
Ensembles,HCC515,P51692,0.451233252727735
Ensembles,HCC515,P52630,0.630045148866208
Ensembles,HCC515,P55317,0.524776948063265
Ensembles,HCC515,P56693,0.270861205911908
Ensembles,HCC515,P58012,0.364139014550918
Ensembles,HCC515,P84022,0.387113188731123
Ensembles,HCC515,P98177,0.292005112742675
Ensembles,HCC515,Q00613,-0.102795684492695
Ensembles,HCC515,Q00653,0.0786976521477097
Ensembles,HCC515,Q00978,0.421277009873418
Ensembles,HCC515,Q01094,0.42064464630018
Ensembles,HCC515,Q01196,0.418053004257459
Ensembles,HCC515,Q01201,0.453505641222508
Ensembles,HCC515,Q01543,0.265716339656177
Ensembles,HCC515,Q02447,-0.108338055493489
Ensembles,HCC515,Q04206,0.547531152054367
Ensembles,HCC515,Q04864,0.530336163451406
Ensembles,HCC515,Q06710,0.192858563025187
Ensembles,HCC515,Q07869,0.48873730238074
Ensembles,HCC515,Q08050,0.317051361647235
Ensembles,HCC515,Q12772,-0.359618188205698
Ensembles,HCC515,Q12778,0.331044823168433
Ensembles,HCC515,Q13127,0.620723477938466
Ensembles,HCC515,Q13469,0.515159103805875
Ensembles,HCC515,Q13485,0.585582879851198
Ensembles,HCC515,Q13761,0.639359604291441
Ensembles,HCC515,Q14186,0.20835566768886
Ensembles,HCC515,Q14209,0.348273106351833
Ensembles,HCC515,Q14765,0.268896305274844
Ensembles,HCC515,Q15672,0.296454243217767
Ensembles,HCC515,Q16236,0.466454436441412
Ensembles,HCC515,Q16665,0.206666630351438
Ensembles,HCC515,Q92731,0.231276619549634
Ensembles,HCC515,Q99626,-0.0896289228644758
Ensembles,HCC515,Q99814,0.572111515550001
Ensembles,HCC515,Q9H3D4,0.405775593866292
Ensembles,HCC515,Q9NQB0,0.642052308851899
Ensembles,HCC515,Q9UJU2,0.387616165108366
Ensembles,HCC515,Q9Y261,0.306495661134313
Ensembles,HEPG2,O00327,-0.0516274548288621
Ensembles,HEPG2,O00716,0.449403699761416
Ensembles,HEPG2,O14593,0.640651088305767
Ensembles,HEPG2,O43524,0.385551568197566
Ensembles,HEPG2,O75030,0.107751955626951
Ensembles,HEPG2,P01100,0.501853833063271
Ensembles,HEPG2,P01106,0.607519751319897
Ensembles,HEPG2,P03372,0.501984197702086
Ensembles,HEPG2,P04150,0.165563815426641
Ensembles,HEPG2,P04637,0.388984789245042
Ensembles,HEPG2,P05412,0.455268830384505
Ensembles,HEPG2,P05549,0.571779766806232
Ensembles,HEPG2,P06401,-0.0389695748056837
Ensembles,HEPG2,P08047,0.453953144254946
Ensembles,HEPG2,P08651,0.0779865260328137
Ensembles,HEPG2,P10070,0.110370300795203
Ensembles,HEPG2,P10242,0.249982304466592
Ensembles,HEPG2,P10275,-0.034822339715418
Ensembles,HEPG2,P10276,0.293425156449798
Ensembles,HEPG2,P10914,0.649111848174835
Ensembles,HEPG2,P11308,0.359265645901616
Ensembles,HEPG2,P11473,-0.0291003744175291
Ensembles,HEPG2,P11831,0.382059785399688
Ensembles,HEPG2,P14859,0.379891629561948
Ensembles,HEPG2,P14921,0.280752097205635
Ensembles,HEPG2,P15036,0.298955621183887
Ensembles,HEPG2,P15336,0.228763444014352
Ensembles,HEPG2,P15407,-0.119953930238059
Ensembles,HEPG2,P15923,0.183663680453919
Ensembles,HEPG2,P15976,0.619016110927494
Ensembles,HEPG2,P16220,0.613768983031072
Ensembles,HEPG2,P17535,0.487501693436553
Ensembles,HEPG2,P17542,0.332089665970961
Ensembles,HEPG2,P17676,0.613025391710901
Ensembles,HEPG2,P17947,0.554382946535506
Ensembles,HEPG2,P18146,0.307568960655816
Ensembles,HEPG2,P18846,0.697276762122128
Ensembles,HEPG2,P18848,0.465595333372626
Ensembles,HEPG2,P18850,-0.0212191959405735
Ensembles,HEPG2,P19419,0.555018475395516
Ensembles,HEPG2,P19544,0.444948456117419
Ensembles,HEPG2,P19793,0.366484005556546
Ensembles,HEPG2,P19838,0.440513226215718
Ensembles,HEPG2,P22415,0.140042666927064
Ensembles,HEPG2,P23511,0.306543612194409
Ensembles,HEPG2,P23769,0.370187495699334
Ensembles,HEPG2,P23771,0.387341998744332
Ensembles,HEPG2,P25490,0.138322928880254
Ensembles,HEPG2,P26367,0.475863967916726
Ensembles,HEPG2,P36956,0.041504100640638
Ensembles,HEPG2,P37231,-0.059558940502629
Ensembles,HEPG2,P37275,0.0734929853610083
Ensembles,HEPG2,P40763,0.568014033336171
Ensembles,HEPG2,P41235,0.0599531496166959
Ensembles,HEPG2,P42224,0.43394400223914
Ensembles,HEPG2,P42226,0.383355322032914
Ensembles,HEPG2,P42229,0.323368866408545
Ensembles,HEPG2,P48382,0.628271510299176
Ensembles,HEPG2,P48431,-0.138023919192047
Ensembles,HEPG2,P48436,-0.0207759759910214
Ensembles,HEPG2,P49715,-0.0954168243787307
Ensembles,HEPG2,P49716,0.438056365551345
Ensembles,HEPG2,P51692,0.384165027956994
Ensembles,HEPG2,P52630,0.556199096303867
Ensembles,HEPG2,P55317,0.103118242741985
Ensembles,HEPG2,P56693,-0.0736675696706117
Ensembles,HEPG2,P58012,0.318280834890959
Ensembles,HEPG2,P84022,0.518688119249273
Ensembles,HEPG2,P98177,0.296290496054308
Ensembles,HEPG2,Q00613,0.325464692981461
Ensembles,HEPG2,Q00653,0.347801817880621
Ensembles,HEPG2,Q00978,0.505254560592234
Ensembles,HEPG2,Q01094,0.541061148821164
Ensembles,HEPG2,Q01196,0.303348347044203
Ensembles,HEPG2,Q01201,0.448425400678965
Ensembles,HEPG2,Q01543,-0.145506315504498
Ensembles,HEPG2,Q02447,-0.0291477878659857
Ensembles,HEPG2,Q04206,0.260921048074677
Ensembles,HEPG2,Q04864,0.334933650682557
Ensembles,HEPG2,Q06710,0.329291614851037
Ensembles,HEPG2,Q07869,0.0257937675916136
Ensembles,HEPG2,Q08050,0.514180602318856
Ensembles,HEPG2,Q12772,-0.254435760160591
Ensembles,HEPG2,Q12778,-0.0117306124300015
Ensembles,HEPG2,Q13127,0.169681463576042
Ensembles,HEPG2,Q13469,0.607080269113142
Ensembles,HEPG2,Q13485,0.702938109349051
Ensembles,HEPG2,Q13761,0.383432862810437
Ensembles,HEPG2,Q14186,0.010933397995296
Ensembles,HEPG2,Q14209,0.651886060824569
Ensembles,HEPG2,Q14765,0.301772400323296
Ensembles,HEPG2,Q15672,0.0351781194624864
Ensembles,HEPG2,Q16236,0.279161108059492
Ensembles,HEPG2,Q16665,0.225929664356604
Ensembles,HEPG2,Q92731,0.227969596908385
Ensembles,HEPG2,Q99626,0.141130807419137
Ensembles,HEPG2,Q99814,0.229949816971754
Ensembles,HEPG2,Q9H3D4,0.171822158108126
Ensembles,HEPG2,Q9NQB0,0.00260864718400183
Ensembles,HEPG2,Q9UJU2,0.311652253441282
Ensembles,HEPG2,Q9Y261,0.239635221157235
Ensembles,HT29,O00327,0.110674474773411
Ensembles,HT29,O00716,0.588208375012267
Ensembles,HT29,O14593,0.328495079437522
Ensembles,HT29,O43524,0.610842974175218
Ensembles,HT29,O75030,0.369506683314216
Ensembles,HT29,P01100,0.303506968089872
Ensembles,HT29,P01106,0.608950776363371
Ensembles,HT29,P03372,0.281864211255787
Ensembles,HT29,P04150,0.373148105259476
Ensembles,HT29,P04637,0.399237318262489
Ensembles,HT29,P05412,0.245402118202082
Ensembles,HT29,P05549,0.340299652405963
Ensembles,HT29,P06401,0.261467051502105
Ensembles,HT29,P08047,0.650876903518386
Ensembles,HT29,P08651,-0.00921256885321998
Ensembles,HT29,P10070,0.225145709693202
Ensembles,HT29,P10242,0.516811485860102
Ensembles,HT29,P10275,0.639420857944091
Ensembles,HT29,P10276,0.482386875572719
Ensembles,HT29,P10914,0.649410077185798
Ensembles,HT29,P11308,0.207211663592403
Ensembles,HT29,P11473,0.126675137124494
Ensembles,HT29,P11831,0.318420389408111
Ensembles,HT29,P14859,0.529938069150426
Ensembles,HT29,P14921,0.460197168945384
Ensembles,HT29,P15036,0.353613904496863
Ensembles,HT29,P15336,0.353788817412786
Ensembles,HT29,P15407,0.2337896829571
Ensembles,HT29,P15923,0.00304586122935088
Ensembles,HT29,P15976,0.648550355961901
Ensembles,HT29,P16220,0.432044814332152
Ensembles,HT29,P17535,0.404816990796159
Ensembles,HT29,P17542,0.623336347181526
Ensembles,HT29,P17676,0.338200957262089
Ensembles,HT29,P17947,0.615325428880128
Ensembles,HT29,P18146,0.141474701592161
Ensembles,HT29,P18846,0.455430362733241
Ensembles,HT29,P18848,0.442258097221014
Ensembles,HT29,P18850,0.20246372599748
Ensembles,HT29,P19419,0.217218500067562
Ensembles,HT29,P19544,0.153668915950656
Ensembles,HT29,P19793,0.0209745211672493
Ensembles,HT29,P19838,0.345071211978069
Ensembles,HT29,P22415,0.208072962186471
Ensembles,HT29,P23511,-0.249210775769752
Ensembles,HT29,P23769,0.559975723843883
Ensembles,HT29,P23771,0.429739886343665
Ensembles,HT29,P25490,0.377834778879941
Ensembles,HT29,P26367,0.0267605051635875
Ensembles,HT29,P36956,0.395310988870217
Ensembles,HT29,P37231,0.304098651450588
Ensembles,HT29,P37275,0.354066575565187
Ensembles,HT29,P40763,0.292437175195417
Ensembles,HT29,P41235,0.529647073018084
Ensembles,HT29,P42224,0.60946718405517
Ensembles,HT29,P42226,0.405127232272453
Ensembles,HT29,P42229,0.164311570070797
Ensembles,HT29,P48382,0.313769417884911
Ensembles,HT29,P48431,0.0500569082571691
Ensembles,HT29,P48436,0.19139785599936
Ensembles,HT29,P49715,0.0815928106720362
Ensembles,HT29,P49716,-0.146346193750274
Ensembles,HT29,P51692,0.0876326666670014
Ensembles,HT29,P52630,0.587985318672714
Ensembles,HT29,P55317,0.556836522046267
Ensembles,HT29,P56693,-0.0180372841247313
Ensembles,HT29,P58012,0.279195096990439
Ensembles,HT29,P84022,0.0286353168874718
Ensembles,HT29,P98177,0.594945649197558
Ensembles,HT29,Q00613,0.211198323637543
Ensembles,HT29,Q00653,0.257589271719488
Ensembles,HT29,Q00978,0.524185820884107
Ensembles,HT29,Q01094,0.40870562549147
Ensembles,HT29,Q01196,0.279307501127029
Ensembles,HT29,Q01201,-0.0370890483928236
Ensembles,HT29,Q01543,0.154894294476282
Ensembles,HT29,Q02447,0.341457320597058
Ensembles,HT29,Q04206,0.211175007310983
Ensembles,HT29,Q04864,0.351836506876506
Ensembles,HT29,Q06710,0.0829888677256993
Ensembles,HT29,Q07869,0.126224113519856
Ensembles,HT29,Q08050,0.623306701936629
Ensembles,HT29,Q12772,0.218695082363144
Ensembles,HT29,Q12778,0.425384179629892
Ensembles,HT29,Q13127,0.37060488406728
Ensembles,HT29,Q13469,0.490584783452879
Ensembles,HT29,Q13485,0.568450980420329
Ensembles,HT29,Q13761,0.443898106058595
Ensembles,HT29,Q14186,0.462478412146405
Ensembles,HT29,Q14209,0.687511823506639
Ensembles,HT29,Q14765,0.777709554958301
Ensembles,HT29,Q15672,0.17925553579693
Ensembles,HT29,Q16236,0.288836429551455
Ensembles,HT29,Q16665,0.688065007693981
Ensembles,HT29,Q92731,0.425629394582779
Ensembles,HT29,Q99626,0.161584205967491
Ensembles,HT29,Q99814,0.626767815815059
Ensembles,HT29,Q9H3D4,0.164425554762926
Ensembles,HT29,Q9NQB0,0.501523137997838
Ensembles,HT29,Q9UJU2,0.617969999597475
Ensembles,HT29,Q9Y261,0.0207918720520866
Ensembles,MCF7,O00327,0.202459561858928
Ensembles,MCF7,O00716,0.542742010537323
Ensembles,MCF7,O14593,0.0106279503698369
Ensembles,MCF7,O43524,0.453276902114245
Ensembles,MCF7,O75030,0.22662602308256
Ensembles,MCF7,P01100,0.0679607978899773
Ensembles,MCF7,P01106,0.201561976996284
Ensembles,MCF7,P03372,0.458351131395843
Ensembles,MCF7,P04150,-0.0650609646818778
Ensembles,MCF7,P04637,0.219299503942374
Ensembles,MCF7,P05412,-0.0872299602267069
Ensembles,MCF7,P05549,0.23495646561754
Ensembles,MCF7,P06401,-0.0995561118276667
Ensembles,MCF7,P08047,0.253219647992839
Ensembles,MCF7,P08651,0.0700747780883924
Ensembles,MCF7,P10070,0.186403105461216
Ensembles,MCF7,P10242,0.389187310827337
Ensembles,MCF7,P10275,-0.0757382813804419
Ensembles,MCF7,P10276,0.162908357993519
Ensembles,MCF7,P10914,0.252085046483318
Ensembles,MCF7,P11308,-0.119019458877174
Ensembles,MCF7,P11473,0.514713534218775
Ensembles,MCF7,P11831,0.0915576424008379
Ensembles,MCF7,P14859,-0.0141968453852096
Ensembles,MCF7,P14921,0.0882835567612874
Ensembles,MCF7,P15036,0.0899338291094336
Ensembles,MCF7,P15336,0.416604340462801
Ensembles,MCF7,P15407,0.176204255919737
Ensembles,MCF7,P15923,-0.0245531014109229
Ensembles,MCF7,P15976,0.405556864622208
Ensembles,MCF7,P16220,0.385394495275143
Ensembles,MCF7,P17535,-0.155083481223521
Ensembles,MCF7,P17542,-0.0573232713236169
Ensembles,MCF7,P17676,0.10934801709225
Ensembles,MCF7,P17947,0.118762893246145
Ensembles,MCF7,P18146,0.292968097170674
Ensembles,MCF7,P18846,-0.178394448374245
Ensembles,MCF7,P18848,0.466672764047227
Ensembles,MCF7,P18850,0.101963527121808
Ensembles,MCF7,P19419,0.611723703676374
Ensembles,MCF7,P19544,-0.032517394000515
Ensembles,MCF7,P19793,0.0569551482213825
Ensembles,MCF7,P19838,0.103497306170743
Ensembles,MCF7,P22415,0.01444326101308
Ensembles,MCF7,P23511,-0.17168433249983
Ensembles,MCF7,P23769,-0.110381340357
Ensembles,MCF7,P23771,-0.115533983945262
Ensembles,MCF7,P25490,0.313397365409004
Ensembles,MCF7,P26367,0.00382144905165386
Ensembles,MCF7,P36956,0.175030134593824
Ensembles,MCF7,P37231,0.0895973642865727
Ensembles,MCF7,P37275,-0.188744467653017
Ensembles,MCF7,P40763,0.340831713582048
Ensembles,MCF7,P41235,0.158474415145991
Ensembles,MCF7,P42224,0.237852531174841
Ensembles,MCF7,P42226,0.107703845307805
Ensembles,MCF7,P42229,0.199580297008248
Ensembles,MCF7,P48382,-0.0126488616117704
Ensembles,MCF7,P48431,-0.111992347179606
Ensembles,MCF7,P48436,0.105510704849553
Ensembles,MCF7,P49715,-0.221202852354835
Ensembles,MCF7,P49716,0.42314571184419
Ensembles,MCF7,P51692,0.232225432200275
Ensembles,MCF7,P52630,0.291319402736229
Ensembles,MCF7,P55317,0.0786756960004438
Ensembles,MCF7,P56693,0.421380283570101
Ensembles,MCF7,P58012,0.209256632411015
Ensembles,MCF7,P84022,0.0731132450381079
Ensembles,MCF7,P98177,0.317765698885275
Ensembles,MCF7,Q00613,-0.080122175312371
Ensembles,MCF7,Q00653,0.244160539889379
Ensembles,MCF7,Q00978,0.338432079588245
Ensembles,MCF7,Q01094,0.227542736890302
Ensembles,MCF7,Q01196,0.102870667760837
Ensembles,MCF7,Q01201,-0.235726439972352
Ensembles,MCF7,Q01543,0.0313623967442291
Ensembles,MCF7,Q02447,0.0581883415697414
Ensembles,MCF7,Q04206,0.0456721111029107
Ensembles,MCF7,Q04864,0.230406486734359
Ensembles,MCF7,Q06710,0.180112495185049
Ensembles,MCF7,Q07869,-0.199773939066843
Ensembles,MCF7,Q08050,0.40520569995256
Ensembles,MCF7,Q12772,0.03604929036989
Ensembles,MCF7,Q12778,0.167758171269252
Ensembles,MCF7,Q13127,0.244915201496581
Ensembles,MCF7,Q13469,0.238583674639434
Ensembles,MCF7,Q13485,0.236538395619062
Ensembles,MCF7,Q13761,0.0155161104562618
Ensembles,MCF7,Q14186,-0.0645673183517836
Ensembles,MCF7,Q14209,0.587493530347535
Ensembles,MCF7,Q14765,0.195844475836191
Ensembles,MCF7,Q15672,0.10340789223962
Ensembles,MCF7,Q16236,0.11715062743507
Ensembles,MCF7,Q16665,0.501882871106958
Ensembles,MCF7,Q92731,0.265563716995451
Ensembles,MCF7,Q99626,-0.0756798221653986
Ensembles,MCF7,Q99814,-0.0681375162846249
Ensembles,MCF7,Q9H3D4,-0.165077594318104
Ensembles,MCF7,Q9NQB0,0.119269331359075
Ensembles,MCF7,Q9UJU2,0.149356692156906
Ensembles,MCF7,Q9Y261,0.0789174671968708
Ensembles,PC3,O00327,0.361972682372165
Ensembles,PC3,O00716,0.232860824896271
Ensembles,PC3,O14593,0.0425932087280031
Ensembles,PC3,O43524,0.466319489481952
Ensembles,PC3,O75030,0.401456627725467
Ensembles,PC3,P01100,0.337503358647465
Ensembles,PC3,P01106,0.449154402083724
Ensembles,PC3,P03372,0.133234192837509
Ensembles,PC3,P04150,0.390444921321377
Ensembles,PC3,P04637,0.212635617315137
Ensembles,PC3,P05412,0.119538947678337
Ensembles,PC3,P05549,0.352150850917791
Ensembles,PC3,P06401,-0.0198175561212462
Ensembles,PC3,P08047,0.17937610638017
Ensembles,PC3,P08651,-0.215990013338206
Ensembles,PC3,P10070,0.363493541672637
Ensembles,PC3,P10242,0.441005008949149
Ensembles,PC3,P10275,0.411480117877003
Ensembles,PC3,P10276,0.400796202673962
Ensembles,PC3,P10914,0.386900473102557
Ensembles,PC3,P11308,0.0668877332284262
Ensembles,PC3,P11473,0.263993954909817
Ensembles,PC3,P11831,0.137742935287734
Ensembles,PC3,P14859,-0.182218743570055
Ensembles,PC3,P14921,-0.0437081136534204
Ensembles,PC3,P15036,0.126737043195128
Ensembles,PC3,P15336,0.573482333590963
Ensembles,PC3,P15407,-0.0335992951023303
Ensembles,PC3,P15923,0.122971568285023
Ensembles,PC3,P15976,0.584044819575994
Ensembles,PC3,P16220,0.628600303026668
Ensembles,PC3,P17535,0.134661809095754
Ensembles,PC3,P17542,0.4360575119818
Ensembles,PC3,P17676,0.517251766347999
Ensembles,PC3,P17947,0.616859953196844
Ensembles,PC3,P18146,0.508681610753197
Ensembles,PC3,P18846,0.143008216220518
Ensembles,PC3,P18848,0.556280368815866
Ensembles,PC3,P18850,0.401899607688096
Ensembles,PC3,P19419,0.409625961502676
Ensembles,PC3,P19544,0.455265977489281
Ensembles,PC3,P19793,0.148813708742004
Ensembles,PC3,P19838,0.433159007271328
Ensembles,PC3,P22415,0.214289143830516
Ensembles,PC3,P23511,0.606065315997247
Ensembles,PC3,P23769,0.284297750326234
Ensembles,PC3,P23771,0.0819298165728993
Ensembles,PC3,P25490,0.456494518125331
Ensembles,PC3,P26367,0.350594508103896
Ensembles,PC3,P36956,0.270195066890112
Ensembles,PC3,P37231,0.177234097886575
Ensembles,PC3,P37275,0.110897479651392
Ensembles,PC3,P40763,0.447959420097982
Ensembles,PC3,P41235,0.202574740926246
Ensembles,PC3,P42224,0.13990410245959
Ensembles,PC3,P42226,0.234958562912672
Ensembles,PC3,P42229,0.0658176577912204
Ensembles,PC3,P48382,0.0242366221977474
Ensembles,PC3,P48431,0.0544990868131659
Ensembles,PC3,P48436,0.47682925927637
Ensembles,PC3,P49715,0.442338615808006
Ensembles,PC3,P49716,0.35960768950107
Ensembles,PC3,P51692,0.0567791804156252
Ensembles,PC3,P52630,0.215451541327266
Ensembles,PC3,P55317,0.128616949929744
Ensembles,PC3,P56693,0.2770698272235
Ensembles,PC3,P58012,0.277541186572774
Ensembles,PC3,P84022,0.736812494189644
Ensembles,PC3,P98177,0.337726396934993
Ensembles,PC3,Q00613,0.097097520798771
Ensembles,PC3,Q00653,0.534058918690316
Ensembles,PC3,Q00978,0.386797319290774
Ensembles,PC3,Q01094,0.532821940741927
Ensembles,PC3,Q01196,0.162905781791903
Ensembles,PC3,Q01201,0.478222951085614
Ensembles,PC3,Q01543,0.394112555667969
Ensembles,PC3,Q02447,0.0336693931980927
Ensembles,PC3,Q04206,0.566405660687928
Ensembles,PC3,Q04864,0.600856767313069
Ensembles,PC3,Q06710,0.295424358990049
Ensembles,PC3,Q07869,0.237349934961282
Ensembles,PC3,Q08050,0.268604581626609
Ensembles,PC3,Q12772,0.0437783091326427
Ensembles,PC3,Q12778,0.544041811438559
Ensembles,PC3,Q13127,0.331818269643846
Ensembles,PC3,Q13469,0.0830458689992471
Ensembles,PC3,Q13485,0.646778033226939
Ensembles,PC3,Q13761,0.35271672997061
Ensembles,PC3,Q14186,0.311367789172841
Ensembles,PC3,Q14209,0.277884858274079
Ensembles,PC3,Q14765,0.209854365536668
Ensembles,PC3,Q15672,0.207519065891223
Ensembles,PC3,Q16236,0.376640559431729
Ensembles,PC3,Q16665,0.419907713474741
Ensembles,PC3,Q92731,0.1695710921545
Ensembles,PC3,Q99626,-0.0548583324157976
Ensembles,PC3,Q99814,0.119047965096208
Ensembles,PC3,Q9H3D4,0.258245878500627
Ensembles,PC3,Q9NQB0,0.134189742874827
Ensembles,PC3,Q9UJU2,0.556678972593087
Ensembles,PC3,Q9Y261,0.180416914468116
Ensembles,VCAP,O00327,0.0678992554756864
Ensembles,VCAP,O00716,0.475906985049542
Ensembles,VCAP,O14593,0.409575617711214
Ensembles,VCAP,O43524,0.557968855825257
Ensembles,VCAP,O75030,0.177330074627903
Ensembles,VCAP,P01100,0.33562521090489
Ensembles,VCAP,P01106,0.371785706545132
Ensembles,VCAP,P03372,0.267709357677532
Ensembles,VCAP,P04150,0.4874849053397
Ensembles,VCAP,P04637,0.326601925338235
Ensembles,VCAP,P05412,0.308433073092355
Ensembles,VCAP,P05549,0.221301438508737
Ensembles,VCAP,P06401,0.339991868771426
Ensembles,VCAP,P08047,0.538040436570662
Ensembles,VCAP,P08651,0.255283317666123
Ensembles,VCAP,P10070,0.153390591733441
Ensembles,VCAP,P10242,0.162911882739217
Ensembles,VCAP,P10275,0.264806079556797
Ensembles,VCAP,P10276,0.359167410263185
Ensembles,VCAP,P10914,0.208618003669739
Ensembles,VCAP,P11308,0.0216977536248751
Ensembles,VCAP,P11473,-0.265160248628198
Ensembles,VCAP,P11831,0.66778065288754
Ensembles,VCAP,P14859,0.416360725159472
Ensembles,VCAP,P14921,0.23454962568433
Ensembles,VCAP,P15036,0.0732908405690639
Ensembles,VCAP,P15336,0.183767157395993
Ensembles,VCAP,P15407,0.298586183145307
Ensembles,VCAP,P15923,0.527165729785455
Ensembles,VCAP,P15976,0.301847404370235
Ensembles,VCAP,P16220,0.421328668945901
Ensembles,VCAP,P17535,0.419696264929129
Ensembles,VCAP,P17542,0.253233526826528
Ensembles,VCAP,P17676,0.339161968929084
Ensembles,VCAP,P17947,0.281088621440898
Ensembles,VCAP,P18146,0.544790208893362
Ensembles,VCAP,P18846,0.483836681978054
Ensembles,VCAP,P18848,0.42208607639631
Ensembles,VCAP,P18850,0.442629497335428
Ensembles,VCAP,P19419,0.308338590228281
Ensembles,VCAP,P19544,0.0891996967708937
Ensembles,VCAP,P19793,0.229274167783139
Ensembles,VCAP,P19838,0.417494116312323
Ensembles,VCAP,P22415,-0.0981946506516694
Ensembles,VCAP,P23511,0.0887324453737767
Ensembles,VCAP,P23769,0.240361478319551
Ensembles,VCAP,P23771,0.494927828177957
Ensembles,VCAP,P25490,0.0784104582438948
Ensembles,VCAP,P26367,0.359149821975765
Ensembles,VCAP,P36956,0.394807992993201
Ensembles,VCAP,P37231,0.418326433966069
Ensembles,VCAP,P37275,0.341538869366186
Ensembles,VCAP,P40763,0.126886526924961
Ensembles,VCAP,P41235,0.0743004676057328
Ensembles,VCAP,P42224,0.268858118532415
Ensembles,VCAP,P42226,-0.0231210794049319
Ensembles,VCAP,P42229,0.120492409516481
Ensembles,VCAP,P48382,0.393922405776253
Ensembles,VCAP,P48431,-0.0742842470157915
Ensembles,VCAP,P48436,0.197523457909638
Ensembles,VCAP,P49715,0.276776494619163
Ensembles,VCAP,P49716,0.447926601389158
Ensembles,VCAP,P51692,0.0857338245179418
Ensembles,VCAP,P52630,0.16892359676428
Ensembles,VCAP,P55317,0.519998636920738
Ensembles,VCAP,P56693,0.100114636151275
Ensembles,VCAP,P58012,0.456902387569639
Ensembles,VCAP,P84022,0.290482885949624
Ensembles,VCAP,P98177,0.317417518056032
Ensembles,VCAP,Q00613,0.287364485115026
Ensembles,VCAP,Q00653,0.464679717072415
Ensembles,VCAP,Q00978,-0.00529302229463204
Ensembles,VCAP,Q01094,0.449558489772978
Ensembles,VCAP,Q01196,0.405139093031447
Ensembles,VCAP,Q01201,0.254447796882147
Ensembles,VCAP,Q01543,0.233437067367356
Ensembles,VCAP,Q02447,-0.127059430138532
Ensembles,VCAP,Q04206,0.0164667745028108
Ensembles,VCAP,Q04864,0.112585366521497
Ensembles,VCAP,Q06710,0.153570236573253
Ensembles,VCAP,Q07869,0.0501512827687743
Ensembles,VCAP,Q08050,0.716205841749692
Ensembles,VCAP,Q12772,-0.0678924027977934
Ensembles,VCAP,Q12778,0.419592843456649
Ensembles,VCAP,Q13127,0.426325341367303
Ensembles,VCAP,Q13469,0.296420979798072
Ensembles,VCAP,Q13485,0.450554934278862
Ensembles,VCAP,Q13761,0.334453060856388
Ensembles,VCAP,Q14186,0.570194483667505
Ensembles,VCAP,Q14209,0.580021907124484
Ensembles,VCAP,Q14765,0.228442408640302
Ensembles,VCAP,Q15672,0.128607901299025
Ensembles,VCAP,Q16236,0.455620621715792
Ensembles,VCAP,Q16665,0.530321150588924
Ensembles,VCAP,Q92731,0.421142334489944
Ensembles,VCAP,Q99626,0.180957582342803
Ensembles,VCAP,Q99814,0.286470570889662
Ensembles,VCAP,Q9H3D4,0.163376183670446
Ensembles,VCAP,Q9NQB0,0.151565580313797
Ensembles,VCAP,Q9UJU2,0.0599747217897361
Ensembles,VCAP,Q9Y261,0.054673395917205
